{
  "programs": [
    {
      "asm": "; Room Reverb\n; Patch saved from SpinCAD Designer version 1039\n; Pot 0: Pre-delay\n; Pot 1: Reverb time\n; Pot 2: Mix\n; \n; \n; ----------------------------\n;------ Input\n;------ Pot 1\n;------ Pot 2\n;------ Pot 0\n;------ Constant\nSOF 0.0000000000,0.7070000000\nWRAX REG0,0.0000000000\n;------ Smoother\nRDAX POT0,1.0000000000\nRDFX REG1,0.0028321367\nWRAX REG1,0.0000000000\n;------ Reverb_Room\nSKP RUN ,6\nWRAX REG8,0.0000000000\nWRAX REG9,0.0000000000\nWRAX REG12,0.0000000000\nWRAX REG13,0.0000000000\nWRAX REG14,0.0000000000\nWLDS 0,20,100\nRDAX REG1,0.1000000000\nWRAX ADDR_PTR,0.0000000000\nRDAX ADCL,0.7079457844\nWRA 0,0.0\nRMPA 1.0\nWRA 3277,1.0\nRDA 7751,0.5\nWRAP 7278,-0.5\nRDA 8288,0.5\nWRAP 7752,-0.5\nRDA 8956,0.5\nWRAP 8289,-0.5\nRDA 9748,0.5\nWRAP 8957,-0.5\nWRAX REG3,0.0000000000\nRDA 26685,0.7\nMULX POT1\nRDAX REG3,1.0000000000\nRDA 11642,0.5\nWRAP 10764,-0.5\nRDA 12930,-0.5\nWRAP 11643,0.5\nRDFX REG12,0.0200000000\nWRHX REG12,-0.5000000000\nWRAX REG4,-1.0000000000\nRDFX REG8,0.5000000000\nWRHX REG8,-1.0000000000\nMULX REG0\nRDAX REG4,1.0000000000\nWRA 12931,0.0\nRDA 14467,-0.7\nMULX POT1\nRDAX REG3,1.0000000000\nRDA 15436,0.5\nWRAP 14468,-0.5\nRDA 16804,0.5\nWRAP 15437,-0.5\nRDFX REG13,0.0200000000\nWRHX REG13,-0.5000000000\nWRAX REG4,-1.0000000000\nRDFX REG9,0.5000000000\nWRHX REG9,-1.0000000000\nMULX REG0\nRDAX REG4,1.0000000000\nWRA 16805,0.0\nRDA 18696,-1.0\nMULX POT1\nRDAX REG3,1.0000000000\nRDA 19375,0.5\nWRAP 18697,-0.5\nRDA 20503,0.5\nWRAP 19376,-0.5\nRDFX REG13,0.0500000000\nWRHX REG13,-0.5000000000\nWRAX REG4,-1.0000000000\nRDFX REG10,0.5000000000\nWRHX REG10,-1.0000000000\nMULX REG7\nRDAX REG4,1.0000000000\nWRA 20504,0.0\nRDA 22440,-1.0\nMULX POT1\nRDAX REG3,1.0000000000\nRDA 23704,0.5\nWRAP 22441,-0.5\nRDA 24903,0.5\nWRAP 23705,-0.5\nWRAX REG4,-1.0000000000\nRDFX REG11,0.5000000000\nWRHX REG11,-1.0000000000\nMULX REG7\nRDAX REG4,1.0000000000\nWRA 24904,0.0\nRDA 3377,1.0\nRDA 10201,0.5\nWRAP 9749,-0.5\nWRAX REG4,1.0000000000\nRDFX REG14,0.1000000000\nWRHX REG14,-1.0000000000\nMULX REG0\nRDAX REG4,1.0000000000\nWRA 3378,0.0\nRDA 4277,1.0\nRDA 10763,0.5\nWRAP 10202,-0.5\nWRA 4278,0.0\nRDA 3978,0.7\nRDA 4233,0.6\nRDA 3686,0.5\nRDA 4600,0.4\nRDA 14467,0.7\nRDA 18696,0.8\nWRAX REG5,0.0000000000\nCHO RDA,0,REG | COMPC,11743\nCHO RDA,0,0,11744\nWRA 11843,0.0\nCHO RDA,0,COS  | REG | COMPC,19476\nCHO RDA,0,COS ,19477\nWRA 19576,0.0\n;------ LPF 1P\nRDAX REG5,1.0000000000\nRDFX REG16,0.4935583443\nWRAX REG16,0.0000000000\n;------ Crossfade\nRDAX ADCL,-1.0000000000\nRDAX REG16,1.0000000000\nMULX POT2\nRDAX ADCL,1.0000000000\nWRAX REG17,0.0000000000\n;------ Output\nRDAX REG17,1.0000000000\nWRAX DACL,1.0000000000\nWRAX DACR,0.0000000000\n",
      "name": "Room Reverb"
    },
    {
      "asm": "; Hall Reverb\n; Patch saved from SpinCAD Designer version 1039\n; Pot 0: Reverb time\n; Pot 1: Tone\n; Pot 2: Mix\n; \n; \n; ----------------------------\n;------ Input\n;------ Pot 0\n;------ Pot 1\n;------ Pot 2\n;------ Smoother\nRDAX POT0,1.0000000000\nRDFX REG0,0.0028321367\nWRAX REG0,0.0000000000\n;------ Constant\nSOF 0.0000000000,0.7070000000\nWRAX REG1,0.0000000000\n;------ Scale/Offset\nRDAX REG0,1.0000000000\nSOF 0.7500000000,0.0000000000\nWRAX REG2,0.0000000000\n;------ Reverb_Hall\nSKP RUN ,6\nWRAX REG8,0.0000000000\nWRAX REG9,0.0000000000\nWRAX REG10,0.0000000000\nWRAX REG11,0.0000000000\nWRAX REG12,0.0000000000\nWLDS 0,20,100\nRDAX REG2,0.1000000000\nWRAX ADDR_PTR,0.0000000000\nRDAX ADCL,0.7079457844\nWRA 0,0.0\nRMPA 1.0\nWRA 3277,1.0\nRDA 10549,0.5\nWRAP 10278,-0.5\nRDA 10983,0.5\nWRAP 10550,-0.5\nRDA 11753,0.5\nWRAP 10984,-0.5\nRDA 12745,0.5\nWRAP 11754,-0.5\nWRAX REG4,0.0000000000\nRDA 27187,0.5\nMULX POT1\nRDAX REG4,1.0000000000\nRDA 14515,0.5\nWRAP 13446,-0.5\nRDA 15805,-0.5\nWRAP 14516,0.5\nRDA 18049,0.5\nWRAP 15806,-0.5\nRDFX REG10,0.0200000000\nWRHX REG10,-0.5000000000\nWRAX REG5,-1.0000000000\nRDFX REG8,0.5000000000\nWRHX REG8,-1.0000000000\nMULX REG1\nRDAX REG5,1.0000000000\nWRA 18050,0.0\nRDA 20387,-0.5\nMULX POT1\nRDAX REG4,1.0000000000\nRDA 21355,0.5\nWRAP 20388,-0.5\nRDA 22723,0.5\nWRAP 21356,-0.5\nRDA 24793,-0.5\nWRAP 22724,0.5\nRDFX REG11,0.0200000000\nWRHX REG11,-0.5000000000\nWRAX REG5,-1.0000000000\nRDFX REG9,0.5000000000\nWRHX REG9,-1.0000000000\nMULX REG1\nRDAX REG5,1.0000000000\nWRA 24794,0.0\nRDA 3377,1.0\nRDA 12987,0.5\nWRAP 12746,-0.5\nWRAX REG5,1.0000000000\nRDFX REG12,0.1000000000\nWRHX REG12,-1.0000000000\nMULX REG1\nRDAX REG5,1.0000000000\nWRA 3378,0.0\nRDA 4277,1.0\nRDA 13445,0.5\nWRAP 12988,-0.5\nWRA 4278,0.0\nRDA 5978,0.5\nRDA 5533,0.8\nRDA 6686,0.8\nRDA 7377,0.7\nRDA 20387,0.7\nRDA 27187,0.8\nWRAX REG6,0.0000000000\nCHO RDA,0,REG | COMPC,15906\nCHO RDA,0,0,15907\nWRA 16006,0.0\nCHO RDA,0,COS  | REG | COMPC,22824\nCHO RDA,0,COS ,22825\nWRA 22924,0.0\n;------ LPF 1P\nRDAX REG6,1.0000000000\nRDFX REG14,0.4935583443\nWRAX REG14,0.0000000000\n;------ Crossfade\nRDAX ADCL,-1.0000000000\nRDAX REG14,1.0000000000\nMULX POT2\nRDAX ADCL,1.0000000000\nWRAX REG15,0.0000000000\n;------ Output\nRDAX REG15,1.0000000000\nWRAX DACL,1.0000000000\nWRAX DACR,0.0000000000\n",
      "name": "Hall Reverb"
    },
    {
      "asm": "; Plate Reverb -- derived from Jon Dattorro paper \"Effect Design\"\n; - Supposedly good sounding with minimal required resources\n; - available at: https://ccrma.stanford.edu/~dattorro/EffectDesignPart1.pdf\n; - coded by mdroberts1243 'at' gmail.com\n\n; swapped pots to be consistent with other Audiofab reverbs -TSc-\n; also reversed the operation of pot0 -TSc-\n;pot2=mix\n;pot1=reverb time (decay... all the way up is infinite sustain in the tank)\n;pot0 = hf loss in the tank (damping... turn up for MORE damping)\n\n; fixed parameters from the paper\nequ\tdecay_diffusion_1\t0.70\t;default parameters from Dattorro paper\nequ\tinput_diffusion_1\t0.75\nequ\tinput_diffusion_2\t0.625\n\n; k1 for freqs: \nequ\tk1_1kHz\t0.82552\nequ\tk1_2kHz\t0.68148\nequ\tk1_4kHz\t0.46441\nequ\tk1_12kHz 0.232205\nequ\tbandwidth\t1-k1_2kHz\t; coefficient for input low-pass\n\n; Try setting this to 256 or higher\nequ\texcursion\t8\t; peak excursion for tap modulation\n\n; no idea what a suitable pre-delay would be...  could go as high as 7000+ samples\n; 655=20ms, 3802=116ms, etc.\nmem\tpredelay\t\t655\t; 3802=116ms predelay at 32kHz\n\n; allpass names are formed from the Dattorro paper node numbers in Figure 1\n; all the memory sizes have been scaled up by 1.1010x to account for difference in sampling\n; original paper specified sample rate of 29761 Hz, we have 32768\n\nmem\tap13_14\t\t156\t; coeff is input_diffusion_1\nmem\tap19_20\t\t117\t; coeff is input_diffusion_1\nmem\tap15_16\t\t417\t; coeff is input_diffusion_2\nmem\tap21_22\t\t305\t; coeff is input_diffusion_2\n\nmem\tap23_24\t\t 740+excursion\t; coeff is decay_diffusion_1\nmem\tap46_48\t\t1000+excursion\t; coeff is decay_diffusion_1\n\nmem\tdel24_30\t4903\nmem\tdel48_54\t4643\nmem\tap31_33\t\t1982+excursion\t; coeff is decay_diffusion_2 (derived from pot1)\nmem\tap55_59\t\t2924+excursion\t; coeff is decay_diffusion_2\nmem\tdel33_39\t4096\nmem\tdel59_63\t3483\n\nequ\tkrl\t\t\t\t\treg0\t; coeff for reverb level (from pot2)\nequ\tdecay\t\t\t\treg1\t; coeff for reverb time (from pot1)\nequ\tdecay_diffusion_2\treg2\t; related to coeff for reverb time (from delay)\nequ\tdamping\t\t\t\treg3\t; coeff for high-frequency decay within the tank (from pot0)\nequ\tone_minus_dmpg\t\treg4\nequ\tlp_inp\t\t\t\treg5\t; 'bandwidth' low-pass at input\nequ\tlp30_31\t\t\t\treg6\t; tank low-pass set by 'damping'\nequ\tlp54_55\t\t\t\treg7\t; tank low-pass set by 'damping'\nequ\tmono\t\t\t\treg8\t; mono input signal\nequ\tdiffuse_in\t\t\treg9\t; output of input diffusers\nequ\ttemp\t\t\t\treg10\t; temp for expanded allpass calculations\nequ\ttemp2\t\t\t\treg11\t; another temp value for allpass\n\n;\n; code starts here!\n\n; now generate a pair of LFOs to modulate the APs in the loop:\n\nskp\trun,2\nwlds\tSIN0,27,excursion\t; paper calls for 1-2Hz, 25=1Hz, 50=2Hz\nwlds\tSIN1,23,excursion\n\n;now derive control coefficients from pots:\n\nrdax\tpot2,1\t\t; control reverb attenuation level\nmulx\tpot2\t\t; square it\nwrax\tkrl,0\t\t; reverb level, write for later use\n\nrdax\tpot1,1\n;mulx\tpot1\t\t; could square it if you like.\nsof 0.8,0\t\t\t; limit range so reverb doesn't go infinite -TSc-\nwrax\tdecay,1\t\t; reverb time\n\n; decay_diffusion_2 = decay + 0.15 but must range between 0.25 to 0.5\nsof\t1.0,-0.35\t\t; check to see if we will go higher than ceiling (0.35 + 0.15)\nskp\tneg,1\t\t\t;\nclr\t\t\t\t    ; set ceiling to 0.35 if we are still positive (after restoration below)\nsof\t1.0,0.35\t\t; restore ACC (could combine with below)\nsof\t1.0,-0.10\t\t; check to see if we will be below floor (0.10 + 0.15)\nskp\tgez,1\nclr\t\t\t\t    ; clr ACC will set floor to 0.25 after restoration below\nsof\t1.0,0.25\t\t; restore ACC (+ 0.10) and add 0.15\nwrax\tdecay_diffusion_2,0\n\nrdax\tpot0,1\t\t\t; control high freq loss in the tank (low pass filter)\nsof     -1,0.99         ; -TSc- invert the operation of pot0 -- changed '1' to '0.99' to be compatible with SpinAsm\nwrax\tdamping,-1\t\t; low-pass coefficient\nsof\t1,0.9990234375\t\t; make '1-damping' control from 1- pot0\nwrax\tone_minus_dmpg,0\t; other low pass damping coefficient\n\n; sum inputs to mono, with 0.5x input gain adjustment\nrdax\tadcl,0.5\t;\nrdax\tadcr,0.5\nwrax\tmono,1\t\t; leave signal in ACC\n\n; do the pre-delay\nwra\tpredelay,0\n\n; input low-pass \nrda\tpredelay#,bandwidth\nrdax\tlp_inp,1-bandwidth\nwrax\tlp_inp,1\n\n; now do input all passes:\n\nrda\tap13_14#,-input_diffusion_1\nwrap\tap13_14,input_diffusion_1\nrda\tap19_20#,-input_diffusion_1\nwrap\tap19_20,input_diffusion_1\nrda\tap15_16#,-input_diffusion_2\nwrap\tap15_16,input_diffusion_2\nrda\tap21_22#,-input_diffusion_2\nwrap\tap21_22,input_diffusion_2\nwrax\tdiffuse_in,0\n\n;\n;allpassed input in place, now process the tank (two sides), with filtering\n; - all the delays & ap-delays are modulated by LFOs... four different variations\n\n; left side of Figure 1 tank\nrda\tdel59_63#,1\n\nmulx\tdecay\nrdax\tdiffuse_in,1\nwrax\ttemp,0\n\ncho  \trda,sin0,sin|reg|compc,ap23_24#-excursion-1\ncho \trda,sin0,sin,ap23_24#-excursion\nwrax\ttemp2,decay_diffusion_1\t; store, apply coeff (note flipped sign for this AP)\nrdax\ttemp,1\t\t\t; add input\nwra\tap23_24,-decay_diffusion_1\t; write to head of delay\nrdax\ttemp2,1\t\t\t\t; add modulated tail \n\nwra\tdel24_30,0\t;delay\nrda\tdel24_30#,1\n\n; simple low-pass with variable control\nmulx\tone_minus_dmpg\nwrax\ttemp,0\nrdax\tlp30_31,1\t\nmulx\tdamping\t\t;     damping derived from pot\nrdax\ttemp,1\nwrax\tlp30_31,1\n\nmulx\tdecay\t\t; apply decay\nwrax\ttemp,0\t\t; save for applying a bit later...\n\n; another allpass, but WRAP replaced to use variable coefficient\ncho \trda,sin1,cos|reg|compc,ap31_33#-excursion-1\ncho \trda,sin1,cos,ap31_33#-excursion\nwrax\ttemp2,-1\t\t; store temporarily, and negate\nmulx\tdecay_diffusion_2\t; mult with 'negative' coefficient from pot\nrdax\ttemp,1\t\t\t; add input from temp register\nwra\tap31_33,1\t\t; store to delay\nmulx\tdecay_diffusion_2\t; apply coeff\nrdax\ttemp2,1\t\t\t; add back in the modulated tail stored in temp\n\nwra\tdel33_39,0\t; delay\nrda\tdel33_39#,1\n\n; right side of Figure 1 tank, delay output already in ACC\nmulx\tdecay\nrdax\tdiffuse_in,1\nwrax\ttemp,0\n\ncho \trda,sin0,cos|reg|compc,ap46_48#-excursion-1\ncho \trda,sin0,cos,ap46_48#-excursion\nwrax\ttemp2,decay_diffusion_1\t; store, apply coeff (note flipped sign for this AP)\nrdax\ttemp,1\t\t\t; add input\nwra\tap46_48,-decay_diffusion_1\nrdax\ttemp2,1\t\t\t\t; add modulated tail\n\nwra\tdel48_54,0\t;delay\nrda\tdel48_54#,1\n\n; simple low-pass with variable control\nmulx\tone_minus_dmpg\nwrax\ttemp,0\nrdax\tlp54_55,1\t\nmulx\tdamping\t\t;     damping derived from pot\nrdax\ttemp,1\nwrax\tlp54_55,1\n\nmulx\tdecay\t\t; apply decay\nwrax\ttemp,0\t\t; save for applying a bit later...\n\n; another allpass, but WRAP replaced to use variable coefficient\ncho  \trda,sin1,sin|reg|compc,ap55_59#-excursion-1\ncho \trda,sin1,sin,ap55_59#-excursion\nwrax\ttemp2,-1\t\t; store temporarily, and negate\nmulx\tdecay_diffusion_2\t; mult with 'negative' coefficient from pot\nrdax\ttemp,1\t\t\t; add input from temp register\nwra\tap55_59,1\t\t; store to delay\nmulx\tdecay_diffusion_2\t; apply coeff\nrdax\ttemp2,1\t\t\t; add back in the modulated tail stored in temp\n\nwra\tdel59_63,0\t; write delay leaving ACC clear\n\n;\n;now gather outputs from loop delays (values scaled for different sampling freq):\n\nrda\tdel48_54+292,0.6\nrda\tdel48_54+3274,0.6\nrda\tap55_59+2107,-0.6\nrda\tdel59_63+2198,0.6\nrda\tdel24_30+2192,-0.6\nrda\tap31_33+205,-0.6\nrda\tdel33_39+1174,-0.6\n\nrdax mono,-1\nmulx krl\nrdax mono, 1   ; mix the plate output and input based on krl\nwrax\tdacl,0\n\nrda\tdel24_30+389,0.6\nrda\tdel24_30+3993,0.6\nrda\tap31_33+1352,-0.6\nrda\tdel33_39+2943,0.6\nrda\tdel48_54+2325,-0.6\nrda\tap55_59+369,-0.6\nrda\tdel59_63+133,-0.6\n\nrdax mono,-1\nmulx krl\nrdax mono, 1   ; mix the plate output and input based on krl\nwrax\tdacr,0\n\n;\n;  DONE",
      "name": "Plate Reverb"
    },
    {
      "asm": "; SPRING REVERB\t\t\t(c) 2016 Don Stavely\n;\t\t\t\tPlease, not for commercial use!\n; Description:\n; Spring reverbs sound \"boingy\" because of dispersion in the spring - \n; higher frequencies travel slower than low frequencies.\n; A \"spectral delay filter\", consisting of many (100's) of unit allpasses \n; will produce the desired \"chirp\" impulse response.   \n; The number of APs can be reduced by \"stretching\" the allpass filters,  \n; using delays larger than one.\n; Using different chirp AP lengths spreads the eigentones (?)\n; Reverb loop looks like std X-coupled AP-AP-DELAY loops, but inputs \n; and outputs moved so first echos straight out of delays, not APs.\n;\n;           +-------------------------------------+\n;           |                                     |\n; in---[+]- | --[  D1  ]--[lp]--+--[AP1a]--[AP1b]-+\n;       |   |                   |\n;       |   |                  [+]---------------->[CHIRP APs]--->\n;       |   |                   |\n; in----| -[+]--[  D2  ]--[lp]--+--[AP2a]--[AP2b]-+ \t\n;       |                                         |\n;       +-----------------------------------------+\n;\n; Delay, AP lengths scaled from GA reverb, modded close to Accutronics\n; 2-spring delay lengths of 33ms and 41ms.\n; Filtering inside the loop and sin/cos LFO smearing of the reverb APs\n; also reduces ringing.\n; Oh, and it has tremolo so my son can use it for surf rock.  You could \n; add tone and reverb time controls instead.\n;\n; April 5, 2024 (TSc - Audiofab)\n; Modifed to remove tremolo, make reverb time and lpf shelf adjustable\n; Pot definitions changed\n\n; November 2024 (Mick Taylor aka Ice9)\n; - Some small mods to work more like the Fender 6G15 reverb tank\n; - Moved the tone control to work after the reverb rather than damping within the loop.\n; - Changed the reverb output level to a mix control to work as per the Fender 6G15 schematic.\n; - Added an Abbey Road Studios EMI RS127 pre reverb filter, 600Hz - 10Khz\n;\n; -TSc- Updated control definitions\n; Pot0 = Tone\n; Pot1 = Reverb time\n; pot2 = Reverb level -Changed to Mix\n\n; Declare constants\n\nequ\tLEN1\t5\t\t; length of chirp filters\nequ\tLEN2\t6\nequ\tLEN3\t6\nequ\tLEN4\t7\nequ\tLEN5\t7\nequ\tLEN6\t8\nequ\tKAP\t\t-0.6\t; chirp allpass coefficient\nequ\tKLAP\t0.6\t\t; allpass coefficient\nequ\tKRS\t\t-1\t\t; reverb lpf shelf\nequ\tKRF\t\t0.55\t; reverb lpf freq \n\n; Memory declarations\n\nmem\tlap1a\t404\t; GA/2 =\t404\nmem\tlap1b\t967\t; 967\nmem\td1\t1445\t; 41ms=1344\t1244.5\n\nmem\tlap2a\t608\t\t; GA/2 =\t508\nmem\tlap2b\t893\t\t; 893.5\t\t\nmem\td2\t\t1013\t; 33ms=1081\t1143.5\n\nmem\tap1\t\tLEN1\t; chirp allpasses\nmem\tap2\t\tLEN1\nmem\tap3\t\tLEN1\nmem\tap4\t\tLEN1\nmem\tap5\t\tLEN1\nmem\tap6\t\tLEN1\nmem\tap7\t\tLEN1\nmem\tap8\t\tLEN2\nmem\tap9\t\tLEN2\nmem\tap10\tLEN2\nmem\tap11\tLEN2\nmem\tap12\tLEN2\nmem\tap13\tLEN2\nmem\tap14\tLEN2\nmem\tap15\tLEN3\nmem\tap16\tLEN3\nmem\tap17\tLEN3\nmem\tap18\tLEN3\nmem\tap19\tLEN3\nmem\tap20\tLEN3\nmem\tap21\tLEN3\nmem\tap22\tLEN4\nmem\tap23\tLEN4\nmem\tap24\tLEN4\nmem\tap25\tLEN4\nmem\tap26\tLEN4\nmem\tap27\tLEN4\nmem\tap28\tLEN4\nmem\tap29\tLEN5\nmem\tap30\tLEN5\nmem\tap31\tLEN5\nmem\tap32\tLEN5\nmem\tap33\tLEN5\nmem\tap34\tLEN5\nmem\tap35\tLEN5\nmem\tap36\tLEN6\nmem\tap37\tLEN6\nmem\tap38\tLEN6\nmem\tap39\tLEN6\nmem\tap40\tLEN6\nmem\tap41\tLEN6\nmem\tap42\tLEN6\n\n; Register equates\n\nequ\tmono\t\treg0\nequ\tlp1\t\treg1\nequ\tlp2\t\treg2\nequ\tKRT\t\treg3\t; reverb time - previously used for tremolo -TSc-\n;equ\trevout\t\treg4\t; REMOVED UNUSED register\nequ   \trevin   \t\treg4\t;RS127 filtered signal for reverb processing \n;equ \tlpf\t\treg5\t; for adjustable LPF shelving filter -TSc- REMOVED for tone control change\nequ\tkfil\t\treg5\t;tone coefficient (for shelving) \nequ\tlpf1\t\treg6\nequ\thpf1\t\treg7\nequ\tspring\t\treg8\nequ\thpf\t\treg9\nequ\ttemp\t\treg10\t;temp register for filter calculations\n\n; Initialize LFO\nskp\trun, endinit\nwlds\tsin0,15,40\t; to smear reverb\nendinit:\n\nrdax pot0,1\t\t; read LPF scaling coeff from pot -TSc-\nsof 0.4,0.1\t\t; map [0,1] to [0.5,1.2] (0.7,05)\nwrax kfil,0\t\t; write kfil scaling coefficient \n\nrdax pot1,1\t\t; read reverb time from pot -TSc- \nsof 0.15,0.7\t\t; map [0,1] to [0.5,0.9]\nwrax KRT,0\t\t; write reverb time (was 0.85)\n\n; Sum inputs to mono\nrdax\tadcl, 1\t\t;CHANGED to save one code line for an extra chirp filter\t\nwrax\tmono, 1\t\t;CHANGED keep dry signal in acc for RS127 filter processing\n\n;=======================================================\n;Send to RS127 with filter set for 600Hz HPF and 10kHz kfil \n                                     \t\nrdfx\tlpf1 , 0.853                          \t\t;10kHz LPF  \t\nwrlx\tlpf1 , -0.5                                         \t;Shelving LPF\nrdfx\thpf1 , 0.109                             \t\t;600Hz HPF\nwrhx\thpf1 , -0.5                                         \t;Shelving HPF\nwrax\trevin, 1\n;========================================================\t\n\n; Do reverb loops\n\nrda\td1#, 1\t; get 1st delay output, scaled by RT\nmulx \tKRT\t; make reverb time adjustable -TSc-\nrdfx\tlp1, KRF\t\t; shelving lowpass inside loop\nwrlx\tlp1, KRS\n;mulx\tlpf\t\t; -TSc- make shelving adjustable -Removed loop tone control\nrda\tlap1a#, KLAP\t; reverb allpasses\nwrap\tlap1a, -KLAP\nrda\tlap1b#, KLAP\nwrap\tlap1b, -KLAP\nrdax\trevin, 1\t\t;CHANGED to add input from RS127 filter\nwra\td2, 0\t\t; put in 2nd spring delay, clear\n\nrda\td2#, 1\t; get 2nd delay output, scaled by RT\nmulx \tKRT\t; make reverb time adjustable -TSc-\nrdfx\tlp2, KRF\t\t; shelving lowpass inside loop\nwrlx\tlp2, KRS\n;mulx\tlpf\t\t; -TSc- make shelving adjustable - REMOVED loop tone control\nrda\tlap2a#, KLAP\t; reverb allpasses\nwrap\tlap2a, -KLAP\nrda\tlap2b#, KLAP\nwrap\tlap2b, -KLAP\nrdax\trevin, 1\t\t;CHANGED to add input from RS127 filter\nwra\td1, 0\t\t; put in 1st spring delay, clear\n\n; Get reverb output, do chirp filter\n\nrdax\tlp1,1\nrdax\tlp2,1\n;wrax\trevout, 1\t\t;REMOVED unused instruction\nrda\tap1#, KAP\nwrap\tap1, -KAP\nrda\tap2#, KAP\nwrap\tap2, -KAP\nrda\tap3#, KAP\nwrap\tap3, -KAP\nrda\tap4#, KAP\nwrap\tap4, -KAP\nrda\tap5#, KAP\nwrap\tap5, -KAP\nrda\tap6#, KAP\nwrap\tap6, -KAP\nrda\tap7#, KAP\nwrap\tap7,-KAP\nrda\tap8#, KAP\nwrap\tap8, -KAP\nrda\tap9#, KAP\nwrap\tap9, -KAP\nrda\tap10#, KAP\nwrap\tap10, -KAP\nrda\tap11#, KAP\nwrap\tap11, -KAP\nrda\tap12#, KAP\nwrap\tap12, -KAP\nrda\tap13#, KAP\nwrap\tap13, -KAP\nrda\tap14#, KAP\nwrap\tap14, -KAP\nrda\tap15#, KAP\nwrap\tap15, -KAP\nrda\tap16#, KAP\nwrap\tap16, -KAP\nrda\tap17#, KAP\nwrap\tap17, -KAP\nrda\tap18#, KAP\nwrap\tap18, -KAP\nrda\tap19#, KAP\nwrap\tap19, -KAP\nrda\tap20#, KAP\nwrap\tap20, -KAP\nrda\tap21#, KAP\nwrap\tap21, -KAP\nrda\tap22#, KAP\nwrap\tap22, -KAP\nrda\tap23#, KAP\nwrap\tap23, -KAP\nrda\tap24#, KAP\nwrap\tap24, -KAP\nrda\tap25#, KAP\nwrap\tap25, -KAP\nrda\tap26#, KAP\nwrap\tap26, -KAP\nrda\tap27#, KAP\nwrap\tap27, -KAP\nrda\tap28#, KAP\nwrap\tap28, -KAP\nrda\tap29#, KAP\nwrap\tap29, -KAP\nrda\tap30#, KAP\nwrap\tap30, -KAP\nrda\tap31#, KAP\nwrap\tap31, -KAP\nrda\tap32#, KAP\nwrap\tap32, -KAP\nrda\tap33#, KAP\nwrap\tap33, -KAP\nrda\tap34#, KAP\nwrap\tap34, -KAP\nrda\tap35#, KAP\nwrap\tap35, -KAP\nrda\tap36#, KAP\nwrap\tap36, -KAP\nrda\tap37#, KAP\nwrap\tap37, -KAP\n;rda\tap38#, KAP\n;wrap\tap38, -KAP\n;rda\tap39#, KAP\n;wrap\tap39, -KAP\n;rda\tap40#, KAP\n;wrap\tap40, -KAP\n;rda\tap41#, KAP\n;wrap\tap41, -KAP\n;rda\tap42#, KAP\t; as many as can fit\n;wrap\tap42, -KAP\n\n;==== New tone shaping code =================\n;process tone shaping for reverb output \n\nrdax\ttemp, -1\nmulx\tkfil\nrdax\ttemp, 1\nwrax\ttemp, 1\nwrax\tspring,0\n\n;===New output mixing code====================\n;mix dry and reverb signals together and out the door\n\nrdax\tmono, -1\nrdax\tspring,1\t\nmulx\tpot2\t\t; mix\nrdax\tmono,1\nwrax\tdacl, 1\t\nwrax\tdacr, 0\t\t; output \n\n; Smooth reverb with LFO modulating APs\n\ncho\trda,sin0,sin|reg|compc,lap1b+25\ncho\trda,sin0,sin,lap1b+26\nwra\tlap1b+50,0\ncho\trda,sin0,cos|reg|compc,lap2b+25\ncho\trda,sin0,cos,lap2b+26\nwra\tlap2b+50,0\n\n; End",
      "name": "Spring Reverb"
    },
    {
      "asm": "; Reverb + Shimmer (Version 6) by DrAlx (Alex Lawrow)\n;\n; This routine is based on Mick Taylor's (Ice-9s) reverb loop\n; and shimmer code with some changes such as:\n;\n;  1) Prime numbers for delay line lengths.\n;  2) More linear mapping of pot sweep to reverb time.\n;  3) Anti-aliasing filter before the pitch-shifter.\n;  4) Shimmer level is controlled by feeding both the input signal\n;      and the reverb output into the pitch-shifter in varying amounts.\n;  5) Pitch-shifted signal is fed into a delay line to give a couple of short delays.\n;     This lets the shimmer effect build up slowly in time.\n;  6) Output is 100% wet.  Uncomment line at bottom to add dry signal.\n\n; -TSc- changed pot usage to be consistent with other reverbs in bank\n;POT0 = Amount of treble in reverb loop.\n;POT1 = Reverb time (0 to 10 seconds).\n;POT2 = Shimmer level\n\nMEM\ttmp\t1\t; Temp memory for octave-up\nMEM\toctave\t4096\t; Delay line for octave-up\nMEM\techos\t14831\t; Delay line for echos after octave up\n\n; 4 AP filters, just before the reverb loop\nMEM\tap1\t137\nMEM\tap2\t257\nMEM\tap3\t563\nMEM\tap4\t761\n; The reverb loop AP filters\nMEM\tlap1a\t1423\nMEM\tlap1b\t1949\nMEM\tlap2a\t1759\nMEM\tlap2b\t1889\n; The reverb loop delay lines\nMEM\td1\t2437\nMEM\td2\t2647\n\n; Registers\nEQU\ttemp\t\tREG0\t; Temp register for filter routines and other stuff\nEQU\tdry\t\tREG1\t; Dry signal\nEQU\tkrt\t\tREG2\t; Reverb decay coefficient\nEQU\tapout\t\tREG3\t; Output of input APs.  For injection into reverb loop\nEQU\trev_out\t\tREG4\t; Reverb output\nEQU\tkd\t\tREG5\t; Coefficient for shelving LPF filters in reverb loop\nEQU\tlp_antialias\tREG6\t; Anti-alias LPF before octave up\nEQU\tlp1\t\tREG7\t; Loop LPF 1\nEQU\tlp2\t\tREG8\t; Loop LPF 2\nEQU\thp1\t\tREG9\t; Loop HPF 1\nEQU\thp2\t\tREG10\t; Loop HPF 2\nEQU\toctave_dry\tREG11\t; Amount of dry fed into octave-up\nEQU\toctave_rev\tREG12\t; Amount of reverb fed into octave-up\n\n;-------------- Initialize LFOs etc -------------------\nSKP\tRUN,end_init\nWLDS\tSIN0,25,100\t\t; Sin LFO for reverb \"smoothing\". (25 ==> ~1Hz)\nWLDR\tRMP0,16384,4096\t; Ramp LFO for octave up.  (16384 ==> octave up)\nend_init:\n;-------------------------------------------------\n\n;--------- Map control pots to gain factors ------------\n; Map POT1 to reverb time (0 to 10 seconds)\n;\n; The shortest delay tap in the reverb loop is at 74.27ms.\n; So the loop decay factor (krt) relates to RT60 reverb time (T) as follows (I think):\n;      krt = 0.001 ^ ( 0.07427 / T ),\t\t\t\tEq(1)\n;\n; As POT1 goes from 0 to 1, try to make T increase linearly from 0s to 10s.\n;      krt = 0.001 ^ ( 0.07427 / ( 0.001 + 10 * POT1 ) ), \tEq(2)\n;\n; POT1   RT60(s)   krt\n; 0         0.001     0.00\n; 1.0      10.00     0.95\n;\n; Eq(2) would be a nightmare to implement, so use this approximation\n;    krt = 0.95 * POT1 ^ ( 0.185 * ( 1 - POT1 ) )\t\tEq(3)\n\nRDAX\tPOT1,1\t\t; Read POT1 (full sweep is 0 to 1)\nSOF\t-0.185,0.185\nWRAX \ttemp,0\nRDAX\tPOT1,1\nLOG\t1,0\nMULX\ttemp\nEXP\t0.95,0\nWRAX \tkrt,0\t\t; krt = 0.95 * POT1 ^ ( 0.185 * ( 1 - POT1 ) )\n\n; Map POT0 to control the shelving LPFs in the reverb loop\nRDAX\tPOT0,1\t\t\t; Read POT0\nSOF\t0.5,-0.5\nWRAX\tkd,0\t\t\t; kd = -0.5 to 0 (i.e. clockwise to increase treble)\n\n; Map POT2 to shimmer gain in two stages.\n; First half turn increases reverb output into octaveup (from a factor of 0 to 0.2).\n; Next half turn increases dry signal into the octaveup (from a factor of 0 to 1)\nSOF\t0,0.2\nWRAX\toctave_rev,0\t\t; Set default octave_rev to maximum (0.2)\nRDAX \tPOT2,1\t\t\t; Read POT2 (full sweep is 0 to 1)\nSOF\t1,-0.5\t\t\t; ACC = -0.5 to 0.5\nSKP\tgez,set_octave_dry\t; If >=0, set octave_dry, else overwrite default octave_rev and zero octave_dry\nSOF\t-2,0\t\t\t; ACC = (1-x)  where x increases 0 to 1\nWRAX \ttemp,1\nMULX \ttemp\t\t\t; ACC = (1-x)^2\nMULX \ttemp\t\t\t; ACC = (1-x)^3\nMULX \ttemp\t\t\t; ACC = (1-x)^4\nSOF\t-0.2,0.2\t\t\t; ACC = 0.2 -  0.2 * (1-x)^4\nWRAX\toctave_rev,0\t\t; Write to octave_rev, then clear ACC to zero octave_dry\nset_octave_dry:\nsof\t1.999,0\nWRAX\toctave_dry,0\t\t; Set octave_dry (0 to 1)\n;-------------------------------------------------\n\n\n;---------- Take average of L and R inputs -----------\nRDAX\tADCL,0.5\nRDAX\tADCR,0.5\nWRAX\tdry,1\t\t\t; Write to dry\n;-------------------------------------------------\n\n\n;----------- Make input signal for octave up ----------\nMULX\toctave_dry\t\t; ACC already contains dry\nWRAX\ttemp,0\t\t\t; temp = dry * octave_dry\nRDAX\trev_out,1\nMULX\toctave_rev\nRDAX\ttemp,1\t\t\t; ACC = dry * octave_dry  + rev_out * octave_rev\n;-------------------------------------------------\n\n\n;--------- Anti-alias LPF before the octave up ---------\nRDFX\tlp_antialias, 0.544\t\t; 4096 Hz ==> 1 - exp(-2*pi*4096/32768) ==> 0.544\nWRAX\tlp_antialias, 1\nWRA\toctave,0\t\t\t; Write to octave up\n;-------------------------------------------------\n\n\n;------------- Octave up fed into delay --------------\nCHO\tRDA,RMP0,REG|COMPC,octave\nCHO\tRDA,RMP0,0,octave+1\nWRA\ttmp,0\nCHO\tRDA,RMP0,RPTR2|COMPC,octave\nCHO\tRDA,RMP0,RPTR2,octave+1\nCHO\tSOF,RMP0,NA|COMPC,0\nCHO\tRDA,RMP0,NA,tmp\n\nWRA\techos,0\t\t; Write to start of echos delay line\n;-------------------------------------------------\n\n\n;------------- Make reverb input signal --------------\nRDA\techos^,1\t\t; Read echo from middle of delay line\nRDA\techos#,1\t\t; Add echo from end of delay line\nRDAX\tdry,1\t\t; Add in dry signal\n;-------------------------------------------------\n\n\n;----------- 4 APs before the reverb loop ------------\nRDA\tap1#,0.5\nWRAP\tap1,-0.5\nRDA\tap2#,0.5\nWRAP\tap2,-0.5\nRDA\tap3#,0.5\nWRAP\tap3,-0.5\nRDA\tap4#,0.5\nWRAP\tap4,-0.5\nWRAX\tapout,0\t\t; apout will get injected (twice) into the reverb loop\n\n;---------------- Begin reverb loop -----------------\nRDA\td2#,1\t\t; Read from end of d2\nMULX\tkrt\t\t; Scale by krt\nRDAX\tapout,0.5\t; Inject 0.5 * apout\nRDA\tlap1a#,0.5\t; 1st loop AP filter before d1\nWRAP\tlap1a,-0.5\t; ...\nRDA\tlap1b#,0.5\t; 2nd loop AP filter before d1\nWRAP\tlap1b,-0.5\t; ...\n\n;Adjustable shelved LPF (DC Gain = 1, Corner = 2700 Hz)\nWRAX\ttemp,1\t\t; Save input\nRDFX\tlp1,0.404\t; 0.404 = 1 - exp(-2*pi*2700/32768)\nWRHX\tlp1,-1\t\t;\nMULX\tkd\t\t; Multiply by damping coefficient\nRDAX\ttemp,1\t\t; Add back input\n\n;Shelved HPF (DC Gain = 0.5, Corner = 53 Hz)\nRDFX\thp1,0.01\t\t; 0.01 = 1 - exp(-2*pi*53/32768)\nWRHX\thp1,-0.5\t\t; -0.5 = DC Gain - 1\nWRA\td1,0\t\t; Write to start of d1\n\nRDA\td1#,1\t\t; Read from end of d1\nMULX\tkrt\t\t; Scale by krt\nRDAX\tapout,0.5\t; Inject 0.5 * apout\nRDA\tlap2a#,0.5\t; 1st loop AP filter before d2\nWRAP\tlap2a,-0.5\t; ...\nRDA\tlap2b#,0.5\t; 2nd loop AP filter before d2\nWRAP\tlap2b,-0.5\t; ...\n\n;Adjustable shelved LPF (DC Gain = 1, Corner = 2700 Hz)\nWRAX\ttemp,1\t\t; Save input\nRDFX\tlp2,0.404\t; 0.404 = 1 - exp(-2*pi*2700/32768)\nWRHX\tlp2,-1\t\t;\nMULX\tkd\t\t; Multiply by damping coefficient\nRDAX\ttemp,1\t\t; Add back input\n\n;Shelved HPF (DC Gain = 0.5, Corner = 53 Hz)\nRDFX\thp2,0.01\t\t; 0.01 = 1 - exp(-2*pi*53/32768)\nWRHX\thp2,-0.5\t\t; -0.5 = DC Gain - 1\nWRA\td2,0\t\t; Write to start of d2\n;---------------- End reverb loop ------------------\n\n\n;-- Reverb smoothing (modulate delay lines in the loop) --\nCHO\tRDA,SIN0,REG|SIN|COMPC,d1+100\nCHO\tRDA,SIN0,SIN,d1+101\nWRA\td1+200,0\n\nCHO\tRDA,SIN0,REG|COS|COMPC,d2+100\nCHO\tRDA,SIN0,COS,d2+101\nWRA\td2+200,0\n;-------------------------------------------------\n\n\n;------------ Make reverb output signal --------------\n; Take output taps from start of loop delays\nRDA\td1,1\nRDA\td2,1\nWRAX\trev_out,1\t\t; Save reverb output to register\n;-------------------------------------------------\n\nRDAX\tdry,1\t\t; Add dry signal\nWRAX\tDACL,0\n",
      "name": "Shimmer Reverb"
    },
    {
      "asm": "; MN3011 Reverb\n; Patch saved from SpinCAD Designer version 1039\n; Pot 0: Delay\n; Pot 1: Repeats\n; Pot 2: Mix\n; \n; \n; ----------------------------\n;------ Pot 0\n;------ Input\n;------ Pot 1\n;------ Feedback Output\n;------ Pot 2\n;------ Scale/Offset\nRDAX POT0,1.0000000000\nSOF 0.8000000000,0.2000000000\nWRAX REG1,0.0000000000\n;------ Smoother\nRDAX REG1,1.0000000000\nRDFX REG2,0.0028321367\nWRAX REG2,0.0000000000\n;------ MN3011\nRDAX REG0,0.7079457844\nMULX POT1\nRDAX ADCL,0.7079457844\nWRA 0,0.0\nCLR\nOR $007FFF00\nMULX REG2\nWRAX REG5,1.0000000000\nSOF 0.9137893677,0.0481246948\nWRAX ADDR_PTR,0.0000000000\nRMPA 0.3981071705534972\nWRAX REG4,0.0000000000\nRMPA 1.0\nWRAX REG3,0.0000000000\nRDAX REG5,1.0000000000\nSOF 0.1087321487,0.0057532622\nWRAX ADDR_PTR,0.0000000000\nRMPA 0.8912509381337456\nRDAX REG4,1.0000000000\nWRAX REG4,0.0000000000\nRDAX REG5,1.0000000000\nSOF 0.1817693992,0.0095973281\nWRAX ADDR_PTR,0.0000000000\nRMPA 0.7079457843841379\nRDAX REG4,1.0000000000\nWRAX REG4,0.0000000000\nRDAX REG5,1.0000000000\nSOF 0.3278439013,0.0172854598\nWRAX ADDR_PTR,0.0000000000\nRMPA 0.6309573444801932\nRDAX REG4,1.0000000000\nWRAX REG4,0.0000000000\nRDAX REG5,1.0000000000\nSOF 0.4739184043,0.0249735915\nWRAX ADDR_PTR,0.0000000000\nRMPA 0.5623413251903491\nRDAX REG4,1.0000000000\nWRAX REG4,0.0000000000\nRDAX REG5,1.0000000000\nSOF 0.7660674085,0.0403498549\nWRAX ADDR_PTR,0.0000000000\nRMPA 0.5011872336272722\nRDAX REG4,1.0000000000\nWRAX REG4,0.0000000000\n;------ LPF 1P\nRDAX REG3,1.0000000000\nRDFX REG7,0.5257329515\nWRAX REG7,0.0000000000\n;------ Allpass\nRDAX REG7,1.0000000000\nRDA 31676,0.5\nWRAP 31520,-0.5\nRDA 31900,0.5\nWRAP 31677,-0.5\nRDA 32233,0.5\nWRAP 31901,-0.5\nRDA 32682,0.5\nWRAP 32234,-0.5\nWRAX REG8,0.0000000000\n;------ LPF 1P\nRDAX REG4,1.0000000000\nRDFX REG10,0.6090357377\nWRAX REG10,0.0000000000\n;------ LFO 0\nSKP RUN ,1\nWLDS 0,38,32767\nCHO RDAL,0\nSOF 0.5000000000,0.5000000000\nWRAX REG11,0.0000000000\n;------ Crossfade\nRDAX REG7,-1.0000000000\nRDAX REG8,1.0000000000\nMULX REG11\nRDAX REG7,1.0000000000\nWRAX REG12,0.0000000000\n;------ FB In 1\nRDAX REG12,1.0000000000\nWRAX REG0,0.0000000000\n;------ Crossfade\nRDAX ADCL,-1.0000000000\nRDAX REG10,1.0000000000\nMULX POT2\nRDAX ADCL,1.0000000000\nWRAX REG13,0.0000000000\n;------ Output\nRDAX REG13,1.0000000000\nWRAX DACL,1.0000000000\nWRAX DACR,0.0000000000\n",
      "name": "MN3011 Reverb"
    },
    {
      "asm": "; Room Reverb 3-4-5\n; Patch saved from SpinCAD Designer version 1039\n; Pot 0: Delay\n; Pot 1: Repeats\n; Pot 2: Damping (HF loss)\n; Downloaded from https://github.com/HolyCityAudio/SpinCAD-Designer/blob/master/patches/room-reverb-3-4-5.zip\n; \n; ----------------------------\n;------ Input\n;------ Pot 0\n;------ Scale/Offset\nRDAX POT0,1.0000000000\nSOF 0.6400000000,0.3600000000\nWRAX REG0,0.0000000000\n;------ Smoother\nRDAX REG0,1.0000000000\nRDFX REG1,0.0028321367\nWRAX REG1,0.0000000000\n;------ Feedback Output\n;------ Pot 1\n;------ Feedback Output\n;------ Feedback Output\n;------ Scale/Offset\nRDAX POT1,1.0000000000\nSOF 0.5800000000,0.4200000000\nWRAX REG5,0.0000000000\n;------ ThreeTap\nRDAX REG3,0.8912509381\nMULX REG5\nRDAX ADCL,1.0000000000\nWRA 0,0.0\nCLR\nOR $007FFF00\nMULX REG1\nSOF 0.1519454956,0.0080276489\nWRAX ADDR_PTR,0.0000000000\nRMPA 1.0\nWRAX REG6,0.0000000000\n;------ Pot 2\n;------ ThreeTap\nRDAX REG4,0.8912509381\nMULX REG5\nRDAX ADCL,1.0000000000\nWRA 5242,0.0\nCLR\nOR $007FFF00\nMULX REG1\nSOF 0.1898666382,0.1699661255\nWRAX ADDR_PTR,0.0000000000\nRMPA 1.0\nWRAX REG7,0.0000000000\n;------ Scale/Offset\nRDAX POT2,1.0000000000\nSOF 0.7600000000,0.2400000000\nWRAX REG8,0.0000000000\n;------ LPF 1P\nRDAX REG6,0.5095391793\nRDAX REG10,-0.5095391793\nMULX REG8\nRDAX REG10,1.0000000000\nWRAX REG10,0.0000000000\n;------ FB In 2\nRDAX REG10,1.0000000000\nWRAX REG3,0.0000000000\n;------ ThreeTap\nRDAX REG2,0.8912509381\nMULX REG5\nRDAX ADCL,1.0000000000\nWRA 11792,0.0\nCLR\nOR $007FFF00\nMULX REG1\nSOF 0.1138504028,0.3658248901\nWRAX ADDR_PTR,0.0000000000\nRMPA 1.0\nWRAX REG11,0.0000000000\n;------ LPF 1P\nRDAX REG11,0.5095391793\nRDAX REG13,-0.5095391793\nMULX REG8\nRDAX REG13,1.0000000000\nWRAX REG13,0.0000000000\n;------ FB In 1\nRDAX REG13,1.0000000000\nWRAX REG2,0.0000000000\n;------ LPF 1P\nRDAX REG7,0.5095391793\nRDAX REG15,-0.5095391793\nMULX REG8\nRDAX REG15,1.0000000000\nWRAX REG15,0.0000000000\n;------ FB In 3\nRDAX REG15,1.0000000000\nWRAX REG4,0.0000000000\n;------ Mixer 3:1\nRDAX REG11,1.0000000000\nWRAX REG16,0.0000000000\nRDAX REG6,1.0000000000\nRDAX REG16,1.0000000000\nWRAX REG16,0.0000000000\nRDAX REG7,1.0000000000\nRDAX REG16,1.0000000000\nWRAX REG16,0.0000000000\n;------ Output\nRDAX ADCL,1.0000000000\nRDAX REG16,0.3548133892\nWRAX DACL,1.0000000000\nWRAX DACR,0.0000000000\n",
      "name": "Room Reverb 3-4-5"
    },
    {
      "asm": "; Three Tap Delay Reverb\n; Patch saved from SpinCAD Designer version 1039\n; Pot 0: Delay time\n; Pot 1: Repeats\n; Pot 2: Mix\n; \n; \n; ----------------------------\n;------ Input\n;------ Pot 0\n;------ Feedback Output\n;------ Smoother\nRDAX POT0,1.0000000000\nRDFX REG1,0.0028321367\nWRAX REG1,0.0000000000\n;------ Pot 1\n;------ HPF 1P\nRDAX ADCL,1.0000000000\nRDFX REG3,0.0089286101\nWRAX REG3,-1.0000000000\nRDAX ADCL,1.0000000000\nWRAX REG2,0.0000000000\n;------ LPF 1P\nRDAX REG2,1.0000000000\nRDFX REG5,0.5421171435\nWRAX REG5,0.0000000000\n;------ ThreeTap\nRDAX REG0,1.0000000000\nMULX POT1\nRDAX REG5,1.0000000000\nWRA 0,0.0\nCLR\nOR $007FFF00\nMULX REG1\nSOF 0.4750000000,0.0250305176\nWRAX ADDR_PTR,0.0000000000\nRMPA 1.0\nWRAX REG6,0.0000000000\nCLR\nOR $007FFF00\nMULX REG1\nSOF 0.3481750000,0.0183555176\nWRAX ADDR_PTR,0.0000000000\nRMPA 1.0\nWRAX REG7,0.0000000000\nCLR\nOR $007FFF00\nMULX REG1\nSOF 0.2218250000,0.0117055176\nWRAX ADDR_PTR,0.0000000000\nRMPA 1.0\nWRAX REG8,0.0000000000\n;------ Chirp\nRDAX REG8,0.7079457844\nRDA 16389,0.5\nWRAP 16385,-0.5\nRDA 16394,0.5\nWRAP 16390,-0.5\nRDA 16399,0.5\nWRAP 16395,-0.5\nRDA 16404,0.5\nWRAP 16400,-0.5\nWRAX REG9,0.0000000000\n;------ LFO 0\nSKP RUN ,1\nWLDS 0,13,7933\nCHO RDAL,0\nSOF 0.5000000000,0.5000000000\nWRAX REG10,0.0000000000\nCHO RDAL,8\nSOF 0.5000000000,0.5000000000\nWRAX REG11,0.0000000000\n;------ Pot 2\n;------ Chirp\nRDAX REG6,0.7079457844\nRDA 16409,0.5\nWRAP 16405,-0.5\nRDA 16414,0.5\nWRAP 16410,-0.5\nRDA 16419,0.5\nWRAP 16415,-0.5\nRDA 16424,0.5\nWRAP 16420,-0.5\nRDA 16429,0.5\nWRAP 16425,-0.5\nRDA 16434,0.5\nWRAP 16430,-0.5\nRDA 16439,0.5\nWRAP 16435,-0.5\nRDA 16444,0.5\nWRAP 16440,-0.5\nRDA 16449,0.5\nWRAP 16445,-0.5\nRDA 16454,0.5\nWRAP 16450,-0.5\nRDA 16459,0.5\nWRAP 16455,-0.5\nRDA 16464,0.5\nWRAP 16460,-0.5\nWRAX REG12,0.0000000000\n;------ Chirp\nRDAX REG7,0.7079457844\nRDA 16469,0.5\nWRAP 16465,-0.5\nRDA 16474,0.5\nWRAP 16470,-0.5\nRDA 16479,0.5\nWRAP 16475,-0.5\nRDA 16484,0.5\nWRAP 16480,-0.5\nRDA 16489,0.5\nWRAP 16485,-0.5\nRDA 16494,0.5\nWRAP 16490,-0.5\nRDA 16499,0.5\nWRAP 16495,-0.5\nRDA 16504,0.5\nWRAP 16500,-0.5\nWRAX REG13,0.0000000000\n;------ Mixer 3:1\nRDAX REG12,0.8912509381\nMULX REG10\nWRAX REG14,0.0000000000\nRDAX REG13,0.7943282347\nMULX REG11\nRDAX REG14,1.0000000000\nWRAX REG14,0.0000000000\nRDAX REG9,0.7079457844\nMULX REG11\nRDAX REG14,1.0000000000\nWRAX REG14,0.0000000000\n;------ LPF 1P\nRDAX REG14,1.0000000000\nRDFX REG16,0.5176108074\nWRAX REG16,0.0000000000\n;------ Crossfade\nRDAX ADCL,-1.0000000000\nRDAX REG14,1.0000000000\nMULX POT2\nRDAX ADCL,1.0000000000\nWRAX REG17,0.0000000000\n;------ FB In 1\nRDAX REG16,0.8000000000\nWRAX REG0,0.0000000000\n;------ Output\nRDAX REG17,1.0000000000\nWRAX DACL,1.0000000000\nWRAX DACR,0.0000000000\n",
      "name": "Three Tap Delay Reverb"
    }
  ]
}