{
  "programs": [
    {
      "asm": "; Digital_Delay.spcd\n; Patch saved from SpinCAD Designer version 1039\n; Pot 0: Delay\n; Pot 1: Repeats\n; Pot 2: Level\n; A straight forward, wide bandwidth digital delay (1 sec max delay)\n; \n; ----------------------------\n;------ Input\n;------ Pot 0\n;------  pot speedup high shelf filter\nRDAX POT0,1.0000000000\nRDFX REG0,0.0010000000\nWRHX REG0,-0.7500000000\nRDAX REG1,0.7500000000\nWRAX REG1,0.0000000000\n;------ Pot 1\n;------  pot speedup high shelf filter\nRDAX POT1,1.0000000000\nRDFX REG2,0.0010000000\nWRHX REG2,-0.7500000000\nRDAX REG3,0.7500000000\nWRAX REG3,0.0000000000\n;------ Pot 2\n;------  pot speedup high shelf filter\nRDAX POT2,1.0000000000\nRDFX REG4,0.0010000000\nWRHX REG4,-0.7500000000\nRDAX REG5,0.7500000000\nWRAX REG5,0.0000000000\n;------ Scale/Offset\nRDAX REG1,1.0000000000\nSOF 0.9000000000,0.1000000000\nWRAX REG6,0.0000000000\n;------ Smoother\nRDAX REG6,1.0000000000\nRDFX REG7,0.0028321367\nWRAX REG7,0.0000000000\n;------ Feedback Output\n;------ ThreeTap\nRDAX REG8,0.7079457844\nMULX REG3\nRDAX ADCL,1.0000000000\nWRA 0,0.0\nCLR\nOR $007FFF00\nMULX REG7\nSOF 0.9499710083,0.0500289917\nWRAX ADDR_PTR,0.0000000000\nRMPA 1.0\nWRAX REG9,0.0000000000\n;------ Mixer 2:1\nRDAX REG9,0.7079457844\nMULX REG5\nRDAX ADCL,0.8912509381\nWRAX REG10,0.0000000000\n;------ FB In 2\nRDAX REG9,1.0000000000\nWRAX REG8,0.0000000000\n;------ Output\nRDAX REG10,1.0000000000\nRDAX REG10,1.0000000000\nWRAX DACL,1.0000000000\nWRAX DACR,0.0000000000\n",
      "name": "Digital_Delay"
    },
    {
      "asm": "; Vintage_Delay.spn\n; Patch saved from SpinCAD Designer version 1039\n; Pot 0: Delay\n; Pot 1: Repeats\n; Pot 2: Level\n; A digital delay with vintage bandwidth (1 sec max delay)\n; \n; ----------------------------\n;------ Input\n;------ Pot 0\n;------  pot speedup high shelf filter\nRDAX POT0,1.0000000000\nRDFX REG0,0.0010000000\nWRHX REG0,-0.7500000000\nRDAX REG1,0.7500000000\nWRAX REG1,0.0000000000\n;------ Pot 1\n;------  pot speedup high shelf filter\nRDAX POT1,1.0000000000\nRDFX REG2,0.0010000000\nWRHX REG2,-0.7500000000\nRDAX REG3,0.7500000000\nWRAX REG3,0.0000000000\n;------ Pot 2\n;------  pot speedup high shelf filter\nRDAX POT2,1.0000000000\nRDFX REG4,0.0010000000\nWRHX REG4,-0.7500000000\nRDAX REG5,0.7500000000\nWRAX REG5,0.0000000000\n;------ Scale/Offset\nRDAX REG1,1.0000000000\nSOF 0.9000000000,0.1000000000\nWRAX REG6,0.0000000000\n;------ Smoother\nRDAX REG6,1.0000000000\nRDFX REG7,0.0028321367\nWRAX REG7,0.0000000000\n;------ Feedback Output\n;------ ThreeTap\nRDAX REG8,0.7079457844\nMULX REG3\nRDAX ADCL,1.0000000000\nWRA 0,0.0\nCLR\nOR $007FFF00\nMULX REG7\nSOF 0.9499710083,0.0500289917\nWRAX ADDR_PTR,0.0000000000\nRMPA 1.0\nWRAX REG9,0.0000000000\n;------ LPF 1P\nRDAX REG9,1.0000000000\nRDFX REG11,0.3891276238\nWRAX REG11,0.0000000000\n;------ Mixer 2:1\nRDAX REG11,0.7079457844\nMULX REG5\nRDAX ADCL,0.8912509381\nWRAX REG12,0.0000000000\n;------ LPF 1P\nRDAX REG9,1.0000000000\nRDFX REG14,0.2833868585\nWRAX REG14,0.0000000000\n;------ Output\nRDAX REG12,1.0000000000\nRDAX REG12,1.0000000000\nWRAX DACL,1.0000000000\nWRAX DACR,0.0000000000\n;------ FB In 2\nRDAX REG14,1.0000000000\nWRAX REG8,0.0000000000\n",
      "name": "Vintage_Delay"
    },
    {
      "asm": "; Modulated_Delay.spcd\n; Patch saved from SpinCAD Designer version 1039\n; Pot 0: Delay\n; Pot 1: Repeats\n; Pot 2: Level\n; A wide bandwidth modulated delay (981 ms max delay)\n; \n; ----------------------------\n;------ Input\n;------ Feedback Output\n;------ Pot 0\n;------ Pot 2\n;------ Pot 1\n;------ Scale/Offset\nRDAX POT0,1.0000000000\nSOF 0.9000000000,0.1000000000\nWRAX REG1,0.0000000000\n;------ Smoother\nRDAX REG1,1.0000000000\nRDFX REG2,0.0028321367\nWRAX REG2,0.0000000000\n;------ ThreeTap\nRDAX REG0,0.7079457844\nMULX POT1\nRDAX ADCL,1.0000000000\nWRA 0,0.0\nCLR\nOR $007FFF00\nMULX REG2\nSOF 0.9319961548,0.0490829468\nWRAX ADDR_PTR,0.0000000000\nRMPA 1.0\nWRAX REG3,0.0000000000\n;------ Chorus\nSKP RUN ,1\nWLDS 0,50,64\nLDAX REG3\nWRA 32148,0.0\nCHO RDA,0,REG | COMPC,32415\nCHO RDA,0,0,32416\nWRAX REG4,0.0000000000\n;------ Mixer 2:1\nRDAX REG4,0.7079457844\nMULX POT2\nRDAX ADCL,0.8912509381\nWRAX REG5,0.0000000000\n;------ FB In 1\nRDAX REG3,1.0000000000\nWRAX REG0,0.0000000000\n;------ Output\nRDAX REG5,1.0000000000\nRDAX REG5,1.0000000000\nWRAX DACL,1.0000000000\nWRAX DACR,0.0000000000\n",
      "name": "Modulated_Delay"
    },
    {
      "asm": "; Modulated_Vintage_Delay.spcd\n; Patch saved from SpinCAD Designer version 1039\n; Pot 0: Delay\n; Pot 1: Repeats\n; Pot 2: Level\n; A vintage bandwidth modulated delay (981 ms max delay)\n; \n; ----------------------------\n;------ Input\n;------ Feedback Output\n;------ Pot 0\n;------ Pot 2\n;------ Pot 1\n;------ Scale/Offset\nRDAX POT0,1.0000000000\nSOF 0.9000000000,0.1000000000\nWRAX REG1,0.0000000000\n;------ Smoother\nRDAX REG1,1.0000000000\nRDFX REG2,0.0028321367\nWRAX REG2,0.0000000000\n;------ ThreeTap\nRDAX REG0,0.7079457844\nMULX POT1\nRDAX ADCL,1.0000000000\nWRA 0,0.0\nCLR\nOR $007FFF00\nMULX REG2\nSOF 0.9319671631,0.0490814209\nWRAX ADDR_PTR,0.0000000000\nRMPA 1.0\nWRAX REG3,0.0000000000\n;------ LPF 1P\nRDAX REG3,1.0000000000\nRDFX REG5,0.2833868585\nWRAX REG5,0.0000000000\n;------ Chorus\nSKP RUN ,1\nWLDS 0,50,64\nLDAX REG3\nWRA 32147,0.0\nCHO RDA,0,REG | COMPC,32414\nCHO RDA,0,0,32415\nWRAX REG6,0.0000000000\n;------ LPF 1P\nRDAX REG6,1.0000000000\nRDFX REG8,0.3891276238\nWRAX REG8,0.0000000000\n;------ Mixer 2:1\nRDAX REG8,0.7079457844\nMULX POT2\nRDAX ADCL,0.8912509381\nWRAX REG9,0.0000000000\n;------ Output\nRDAX REG9,1.0000000000\nRDAX REG9,1.0000000000\nWRAX DACL,1.0000000000\nWRAX DACR,0.0000000000\n;------ FB In 1\nRDAX REG5,1.0000000000\nWRAX REG0,0.0000000000\n",
      "name": "Modulated_Vintage_Delay"
    },
    {
      "asm": "; Delay_Chorus_Reverb.spcd\n; Patch saved from SpinCAD Designer version 1039\n; Pot 0: Delay\n; Pot 1: Repeats\n; Pot 2: Level\n; A crude emulation of an RE-301 (313 ms max delay)\n; \n; ----------------------------\n;------ Input\n;------ Pot 0\n;------ Pot 1\n;------ Feedback Output\n;------ Scale/Offset\nRDAX POT0,1.0000000000\nSOF 0.9000000000,0.1000000000\nWRAX REG1,0.0000000000\n;------ Constant\nSOF 0.0000000000,0.3330000000\nWRAX REG2,0.0000000000\n;------ Smoother\nRDAX REG1,1.0000000000\nRDFX REG3,0.0028321367\nWRAX REG3,0.0000000000\n;------ Pot 2\n;------ ThreeTap\nRDAX REG0,0.6309573445\nMULX POT1\nRDAX ADCL,1.0000000000\nWRA 0,0.0\nCLR\nOR $007FFF00\nMULX REG3\nSOF 0.2971359253,0.0156692505\nWRAX ADDR_PTR,0.0000000000\nRMPA 1.0\nWRAX REG4,0.0000000000\nCLR\nOR $007FFF00\nSOF 0.1845214096,0.0097421707\nWRAX ADDR_PTR,0.0000000000\nRMPA 1.0\nWRAX REG5,0.0000000000\nCLR\nOR $007FFF00\nSOF 0.1111288361,0.0058794037\nWRAX ADDR_PTR,0.0000000000\nRMPA 1.0\nWRAX REG6,0.0000000000\n;------ Mixer 3:1\nRDAX REG4,0.7079457844\nWRAX REG7,0.0000000000\nRDAX REG5,0.5011872336\nRDAX REG7,1.0000000000\nWRAX REG7,0.0000000000\nRDAX REG6,0.3548133892\nRDAX REG7,1.0000000000\nWRAX REG7,0.0000000000\n;------ LPF 1P\nRDAX REG7,1.0000000000\nRDFX REG9,0.4321439252\nWRAX REG9,0.0000000000\n;------ Chorus\nSKP RUN ,1\nWLDS 0,50,64\nLDAX REG9\nWRA 10250,0.0\nCHO RDA,0,REG | COMPC,10508\nCHO RDA,0,0,10509\nWRAX REG10,0.0000000000\n;------ Mixer 2:1\nRDAX REG10,0.7079457844\nMULX POT2\nRDAX ADCL,0.7943282347\nWRAX REG11,0.0000000000\n;------ Minimum reverb\nRDAX REG11,0.2500000000\nRDA 10889,0.325\nWRAP 10767,-1.0\nRDA 11193,0.325\nWRAP 10890,-1.0\nRDA 11747,0.325\nWRAP 11194,-1.0\nRDA 12670,0.325\nWRAP 11748,-1.0\nWRAX REG12,1.0000000000\nRDA 32757,1.0\nMULX REG2\nRDA 16494,-0.325\nWRAP 12671,0.325\nWRA 16495,1.99\nRDAX REG12,1.0000000000\nRDA 23007,1.0\nMULX REG2\nRDA 27740,-0.325\nWRAP 23008,0.325\nWRA 27741,1.99\nWRAX REG13,0.0000000000\n;------ Mixer 2:1\nRDAX REG13,0.7943282347\nMULX POT2\nRDAX REG11,0.8912509381\nWRAX REG14,0.0000000000\n;------ LPF 1P\nRDAX REG7,1.0000000000\nRDFX REG16,0.3239568324\nWRAX REG16,0.0000000000\n;------ Output\nRDAX REG14,1.0000000000\nRDAX REG14,1.0000000000\nWRAX DACL,1.0000000000\nWRAX DACR,0.0000000000\n;------ FB In 1\nRDAX REG16,1.0000000000\nWRAX REG0,0.0000000000\n",
      "name": "Delay_Chorus_Reverb"
    },
    {
      "asm": "; MN3011_Delay.spcd\n; Patch saved from SpinCAD Designer version 1039\n; Pot 0: Delay\n; Pot 1: Repeats\n; Pot 2: Level\n; A delay using the MN3011 emulation (1 sec max delay)\n; \n; ----------------------------\n;------ Pot 0\n;------ Input\n;------ Pot 1\n;------ Pot 2\n;------ Scale/Offset\nRDAX POT0,1.0000000000\nSOF 0.9000000000,0.1000000000\nWRAX REG0,0.0000000000\n;------ Smoother\nRDAX REG0,1.0000000000\nRDFX REG1,0.0028321367\nWRAX REG1,0.0000000000\n;------ Feedback Output\n;------ MN3011\nRDAX REG2,0.7079457844\nMULX POT1\nRDAX ADCL,1.0000000000\nWRA 0,0.0\nCLR\nOR $007FFF00\nMULX REG1\nWRAX REG5,1.0000000000\nSOF 0.9499710083,0.0500289917\nWRAX ADDR_PTR,0.0000000000\nRMPA 0.28183829312644537\nWRAX REG4,0.0000000000\nRMPA 1.0\nWRAX REG3,0.0000000000\nRDAX REG5,1.0000000000\nSOF 0.1130374160,0.0059798553\nWRAX ADDR_PTR,0.0000000000\nRMPA 0.8912509381337456\nRDAX REG4,1.0000000000\nWRAX REG4,0.0000000000\nRDAX REG5,1.0000000000\nSOF 0.1889665886,0.0099761275\nWRAX ADDR_PTR,0.0000000000\nRMPA 0.7079457843841379\nRDAX REG4,1.0000000000\nWRAX REG4,0.0000000000\nRDAX REG5,1.0000000000\nSOF 0.3408249346,0.0179686720\nWRAX ADDR_PTR,0.0000000000\nRMPA 0.5011872336272722\nRDAX REG4,1.0000000000\nWRAX REG4,0.0000000000\nRDAX REG5,1.0000000000\nSOF 0.4926832816,0.0259612166\nWRAX ADDR_PTR,0.0000000000\nRMPA 0.3981071705534972\nRDAX REG4,1.0000000000\nWRAX REG4,0.0000000000\nRDAX REG5,1.0000000000\nSOF 0.7963999738,0.0419463057\nWRAX ADDR_PTR,0.0000000000\nRMPA 0.28183829312644537\nRDAX REG4,1.0000000000\nWRAX REG4,0.0000000000\n;------ LPF 1P\nRDAX REG4,1.0000000000\nRDFX REG7,0.4778109187\nWRAX REG7,0.0000000000\n;------ Mixer 2:1\nRDAX REG7,0.7079457844\nMULX POT2\nRDAX ADCL,0.8912509381\nWRAX REG8,0.0000000000\n;------ Output\nRDAX REG8,1.0000000000\nRDAX REG8,1.0000000000\nWRAX DACL,1.0000000000\nWRAX DACR,0.0000000000\n;------ LPF 1P\nRDAX REG3,1.0000000000\nRDFX REG10,0.3239568324\nWRAX REG10,0.0000000000\n;------ FB In 1\nRDAX REG10,1.0000000000\nWRAX REG2,0.0000000000\n",
      "name": "MN3011_Delay"
    },
    {
      "asm": "; Modulated_Eight_Tap_Delay.spn\n; Patch saved from SpinCAD Designer version 1039\n; Pot 0: Delay\n; Pot 1: Repeats\n; Pot 2: Level\n; Eight tap delay (1 sec max delay)\n; \n; ----------------------------\n;------ Input\n;------ Feedback Output\n;------ Pot 0\n;------ Scale/Offset\nRDAX POT0,1.0000000000\nSOF 0.9000000000,0.1000000000\nWRAX REG1,0.0000000000\n;------ Smoother\nRDAX REG1,1.0000000000\nRDFX REG2,0.0028321367\nWRAX REG2,0.0000000000\n;------ Pot 1\n;------ Eight Tap\nRDAX REG0,0.7079457844\nMULX POT1\nRDAX ADCL,1.0000000000\nWRA 0,0.0\nCLR\nOR $007FFF00\nMULX REG2\nWRAX REG5,0.0000000000\nSOF 0.1159051895,0.0061307907\nWRAX ADDR_PTR,0.0000000000\nRMPA 0.7079457843841379\nWRAX REG3,0.0000000000\nRDAX REG5,1.0000000000\nSOF 0.3477155685,0.0183313370\nWRAX ADDR_PTR,0.0000000000\nRMPA 0.5011872336272722\nRDAX REG3,1.0000000000\nWRAX REG3,0.0000000000\nRDAX REG5,1.0000000000\nSOF 0.5795259476,0.0305318832\nWRAX ADDR_PTR,0.0000000000\nRMPA 0.3981071705534972\nRDAX REG3,1.0000000000\nWRAX REG3,0.0000000000\nRDAX REG5,1.0000000000\nSOF 0.8113363266,0.0427324295\nWRAX ADDR_PTR,0.0000000000\nRMPA 0.28183829312644537\nRDAX REG3,1.0000000000\nWRAX REG3,0.0000000000\nRDAX REG5,1.0000000000\nSOF 0.2318103790,0.0122310638\nWRAX ADDR_PTR,0.0000000000\nRMPA 0.6309573444801932\nWRAX REG4,0.0000000000\nRDAX REG5,1.0000000000\nSOF 0.4636207581,0.0244316101\nWRAX ADDR_PTR,0.0000000000\nRMPA 0.44668359215096315\nRDAX REG4,1.0000000000\nWRAX REG4,0.0000000000\nRDAX REG5,1.0000000000\nSOF 0.6954311371,0.0366321564\nWRAX ADDR_PTR,0.0000000000\nRMPA 0.31622776601683794\nRDAX REG4,1.0000000000\nWRAX REG4,0.0000000000\nRDAX REG5,1.0000000000\nSOF 0.9272415161,0.0488327026\nWRAX ADDR_PTR,0.0000000000\nRMPA 0.251188643150958\nRDAX REG4,1.0000000000\nWRAX REG4,0.0000000000\nRDA 31983,1.0\nWRAX REG6,0.0000000000\n;------ Pot 2\n;------ LPF 1P\nRDAX REG6,1.0000000000\nRDFX REG8,0.3239568324\nWRAX REG8,0.0000000000\n;------ FB In 1\nRDAX REG8,1.0000000000\nWRAX REG0,0.0000000000\n;------ LPF 1P\nRDAX REG3,1.0000000000\nRDFX REG10,0.4856542549\nWRAX REG10,0.0000000000\n;------ Chorus\nSKP RUN ,1\nWLDS 0,50,64\nLDAX REG10\nWRA 31984,0.0\nCHO RDA,0,REG | COMPC,32187\nCHO RDA,0,0,32188\nWRAX REG11,0.0000000000\n;------ Mixer 2:1\nRDAX REG11,0.7079457844\nMULX POT2\nRDAX ADCL,0.8912509381\nWRAX REG12,0.0000000000\n;------ Output\nRDAX REG12,1.0000000000\nRDAX REG12,1.0000000000\nWRAX DACL,1.0000000000\nWRAX DACR,0.0000000000\n",
      "name": "Modulated_Eight_Tap_Delay"
    },
    {
      "asm": "; Automatic_Double_Tracker.spn\n; Patch saved from SpinCAD Designer version 1039\n; Pot 0: Delay\n; Pot 1: Chorus Depth\n; Pot 2: Mix\n; Automatic double tracker - 43 ms max delay\n; \n; ----------------------------\n;------ Input\n;------ Pot 0\n;------  pot speedup high shelf filter\nRDAX POT0,1.0000000000\nRDFX REG0,0.0010000000\nWRHX REG0,-0.7500000000\nRDAX REG1,0.7500000000\nWRAX REG1,0.0000000000\n;------ Pot 1\n;------ Scale/Offset\nRDAX POT1,1.0000000000\nSOF 0.8200000000,0.1800000000\nWRAX REG2,0.0000000000\n;------ Pot 2\n;------ Smoother\nRDAX REG1,1.0000000000\nRDFX REG3,0.0028321367\nWRAX REG3,0.0000000000\n;------ ThreeTap\nRDAX ADCL,1.0000000000\nWRA 0,0.0\nCLR\nOR $007FFF00\nMULX REG3\nSOF 0.0405303955,0.0021636963\nWRAX ADDR_PTR,0.0000000000\nRMPA 1.0\nWRAX REG4,0.0000000000\nCLR\nOR $007FFF00\nSOF 0.0243182373,0.0013104248\nWRAX ADDR_PTR,0.0000000000\nRMPA 1.0\nWRAX REG5,0.0000000000\n;------ Chorus\nSKP RUN ,1\nWLDS 0,50,64\nRDAX REG2,0.0030000778\nWRAX SIN0_RANGE,0.0000000000\nLDAX REG4\nWRA 1399,0.0\nCHO RDA,0,REG | COMPC,1562\nCHO RDA,0,0,1563\nWRAX REG6,0.0000000000\n;------ LPF 1P\nRDAX REG6,1.0000000000\nRDFX REG8,0.4470881690\nWRAX REG8,0.0000000000\n;------ Mixer 3:1\nRDAX REG8,0.4466835922\nMULX POT2\nWRAX REG9,0.0000000000\nRDAX REG5,0.4466835922\nMULX POT2\nRDAX REG9,1.0000000000\nWRAX REG9,0.0000000000\nRDAX ADCL,0.7079457844\nRDAX REG9,1.0000000000\nWRAX REG9,0.0000000000\n;------ Output\nRDAX REG9,1.0000000000\nRDAX REG9,1.0000000000\nWRAX DACL,1.0000000000\nWRAX DACR,0.0000000000\n",
      "name": "Automatic_Double_Tracker"
    }
  ]
}