{
  "programs": [
    {
      "asm": "; Chorus with feedback\n; Patch saved from SpinCAD Designer version 1039\n; Pot 0: Speed\n; Pot 1: Depth\n; Pot 2: Feedback\n; \n; \n; ----------------------------\n;------ Input\n;------ Pot 0\n;------ Pot 1\n;------ Feedback Output\n;------ Pot 2\n;------ HPF 1P\nRDAX ADCL,1.0000000000\nRDFX REG2,0.0076045474\nWRAX REG2,-1.0000000000\nRDAX ADCL,1.0000000000\nWRAX REG1,0.0000000000\n;------ Mixer 2:1\nRDAX REG1,0.7079457844\nWRAX REG3,0.0000000000\nRDAX REG0,0.7079457844\nMULX POT2\nRDAX REG3,1.0000000000\nWRAX REG3,0.0000000000\n;------ Chorus\nSKP RUN ,1\nWLDS 0,50,64\nRDAX POT1,0.0039278853\nWRAX SIN0_RANGE,0.0000000000\nRDAX POT0,0.3782387476\nWRAX SIN0_RATE,0.0000000000\nLDAX REG3\nWRA 0,0.0\nCHO RDA,0,REG | COMPC,257\nCHO RDA,0,0,258\nWRAX REG4,0.0000000000\n;------ Mixer 2:1\nRDAX REG4,0.7079457844\nRDAX REG1,1.0000000000\nWRAX REG5,0.0000000000\n;------ LPF 1P\nRDAX REG5,1.0000000000\nRDFX REG7,0.4623153623\nWRAX REG7,0.0000000000\n;------ FB In 1\nRDAX REG7,1.0000000000\nWRAX REG0,0.0000000000\n;------ Output\nRDAX REG5,1.0000000000\nWRAX DACL,1.0000000000\nWRAX DACR,0.0000000000\n",
      "name": "Chorus"
    },
    {
      "asm": "; Multi-voice Chorus\n; Patch saved from SpinCAD Designer version 1039\n; Pot 0: Speed\n; Pot 1: Depth\n; Pot 2: Feedback\n; \n; \n; ----------------------------\n;------ Input\n;------ Pot 0\n;------ Pot 1\n;------ Feedback Output\n;------ Pot 2\n;------ HPF 1P\nRDAX ADCL,1.0000000000\nRDFX REG2,0.0077809891\nWRAX REG2,-1.0000000000\nRDAX ADCL,1.0000000000\nWRAX REG1,0.0000000000\n;------ Mixer 2:1\nRDAX REG1,0.7079457844\nWRAX REG3,0.0000000000\nRDAX REG0,0.7079457844\nMULX POT2\nRDAX REG3,1.0000000000\nWRAX REG3,0.0000000000\n;------ 4-voice Chorus\nSKP RUN ,1\nWLDS 0,50,64\nRDAX POT1,0.0039062500\nWRAX SIN0_RANGE,0.0000000000\nRDAX POT0,0.3940900196\nWRAX SIN0_RATE,0.0000000000\nRDAX REG3,1.0000000000\nWRA 0,0.0\nCHO RDA,0,REG | COMPC,141\nCHO RDA,0,0,142\nWRAX REG4,0.0000000000\nCHO RDA,0,REG | COMPA,178\nCHO RDA,0,COMPC | COMPA,179\nWRAX REG5,0.0000000000\nCHO RDA,0,COS  | REG | COMPC,316\nCHO RDA,0,COS ,317\nWRAX REG6,0.0000000000\nCHO RDA,0,COS  | REG | COMPA,372\nCHO RDA,0,COS  | COMPC | COMPA,373\nWRAX REG7,0.0000000000\n;------ Mixer 4:1\nRDAX REG4,0.7079457844\nWRAX REG8,0.0000000000\nRDAX REG5,0.6309573445\nRDAX REG8,1.0000000000\nWRAX REG8,0.0000000000\nRDAX REG6,0.5623413252\nRDAX REG8,1.0000000000\nWRAX REG8,0.0000000000\nRDAX REG7,0.5011872336\nRDAX REG8,1.0000000000\nWRAX REG8,0.0000000000\n;------ Mixer 2:1\nRDAX REG8,0.7079457844\nRDAX REG1,1.0000000000\nWRAX REG9,0.0000000000\n;------ Output\nRDAX REG9,1.0000000000\nWRAX DACL,1.0000000000\nWRAX DACR,0.0000000000\n;------ LPF 1P\nRDAX REG9,1.0000000000\nRDFX REG11,0.4623153623\nWRAX REG11,0.0000000000\n;------ FB In 1\nRDAX REG11,0.5000000000\nWRAX REG0,0.0000000000\n",
      "name": "Multi-voice Chorus"
    },
    {
      "asm": "; Octave up-down Chorus - combined control\n; Patch saved from SpinCAD Designer version 1039\n; Pot 0: Speed\n; Pot 1: Depth\n; Pot 2: Octave up-down level (combined)\n; \n; \n; ----------------------------\n;------ Input\n;------ HPF 1P\nRDAX ADCL,1.0000000000\nRDFX REG1,0.0077809891\nWRAX REG1,-1.0000000000\nRDAX ADCL,1.0000000000\nWRAX REG0,0.0000000000\n;------ LPF 1P\nRDAX REG0,1.0000000000\nRDFX REG3,0.4623153623\nWRAX REG3,0.0000000000\n;------ Constant\nSOF 0.0000000000,0.0000000000\nWRAX REG4,0.0000000000\n;------ Pitch Shift\nSKP RUN ,1\nWLDR 0, 8192, 2048\nLDAX REG3\nWRA 0,0.0\nRDAX REG4,1.0000000000\nSOF 1.0000000000,-0.5000000000\nSKP GEZ,1\nSOF 0.5000000000,0.0000000000\nWRAX RMP0_RATE,0.0000000000\nCHO RDA,2,REG | COMPC,0\nCHO RDA,2,0,1\nWRA 2049,0.0\nCHO RDA,2,COMPC | RPTR2,0\nCHO RDA,2,RPTR2,1\nCHO SOF,2,COMPC | NA,0.0\nCHO RDA,2,NA,2049\nWRAX REG5,0.0000000000\n;------ Constant\nSOF 0.0000000000,0.9990000000\nWRAX REG6,0.0000000000\n;------ Pitch Shift\nSKP RUN ,1\nWLDR 1, 8192, 2048\nLDAX REG3\nWRA 2051,0.0\nRDAX REG6,1.0000000000\nSOF 1.0000000000,-0.5000000000\nSKP GEZ,1\nSOF 0.5000000000,0.0000000000\nWRAX RMP1_RATE,0.0000000000\nCHO RDA,3,REG | COMPC,2051\nCHO RDA,3,0,2052\nWRA 4100,0.0\nCHO RDA,3,COMPC | RPTR2,2051\nCHO RDA,3,RPTR2,2052\nCHO SOF,3,COMPC | NA,0.0\nCHO RDA,3,NA,4100\nWRAX REG7,0.0000000000\n;------ LPF 1P\nRDAX REG7,1.0000000000\nRDFX REG9,0.4623153623\nWRAX REG9,0.0000000000\n;------ LPF 1P\nRDAX REG5,1.0000000000\nRDFX REG11,0.4623153623\nWRAX REG11,0.0000000000\n;------ Pot 0\n;------ Pot 1\n;------ Pot 2\n;------ Mixer 3:1\nRDAX REG11,0.7079457844\nMULX POT2\nWRAX REG12,0.0000000000\nRDAX REG9,0.7079457844\nMULX POT2\nRDAX REG12,1.0000000000\nWRAX REG12,0.0000000000\nRDAX REG0,0.7079457844\nRDAX REG12,1.0000000000\nWRAX REG12,0.0000000000\n;------ Chorus\nSKP RUN ,1\nWLDS 0,50,64\nRDAX POT1,0.0031474641\nWRAX SIN0_RANGE,0.0000000000\nRDAX POT0,0.4391389432\nWRAX SIN0_RATE,0.0000000000\nLDAX REG12\nWRA 4102,0.0\nCHO RDA,0,REG | COMPC,4355\nCHO RDA,0,0,4356\nWRAX REG13,0.0000000000\n;------ Mixer 2:1\nRDAX REG13,1.0000000000\nRDAX REG0,1.0000000000\nWRAX REG14,0.0000000000\n;------ Output\nRDAX REG14,1.0000000000\nWRAX DACL,1.0000000000\nWRAX DACR,0.0000000000\n\n",
      "name": "Octave Up-down Chorus"
    },
    {
      "asm": "; Octave up-down with Chorus - separate control\n; Patch saved from SpinCAD Designer version 1039\n; Pot 0: Speed\n; Pot 1: Octave up level\n; Pot 2: Octave down level\n; \n; \n; ----------------------------\n;------ Input\n;------ HPF 1P\nRDAX ADCL,1.0000000000\nRDFX REG1,0.0077809891\nWRAX REG1,-1.0000000000\nRDAX ADCL,1.0000000000\nWRAX REG0,0.0000000000\n;------ LPF 1P\nRDAX REG0,1.0000000000\nRDFX REG3,0.4623153623\nWRAX REG3,0.0000000000\n;------ Constant\nSOF 0.0000000000,0.0000000000\nWRAX REG4,0.0000000000\n;------ Pitch Shift\nSKP RUN ,1\nWLDR 0, 8192, 2048\nLDAX REG3\nWRA 0,0.0\nRDAX REG4,1.0000000000\nSOF 1.0000000000,-0.5000000000\nSKP GEZ,1\nSOF 0.5000000000,0.0000000000\nWRAX RMP0_RATE,0.0000000000\nCHO RDA,2,REG | COMPC,0\nCHO RDA,2,0,1\nWRA 2049,0.0\nCHO RDA,2,COMPC | RPTR2,0\nCHO RDA,2,RPTR2,1\nCHO SOF,2,COMPC | NA,0.0\nCHO RDA,2,NA,2049\nWRAX REG5,0.0000000000\n;------ Constant\nSOF 0.0000000000,0.9990000000\nWRAX REG6,0.0000000000\n;------ Pitch Shift\nSKP RUN ,1\nWLDR 1, 8192, 2048\nLDAX REG3\nWRA 2051,0.0\nRDAX REG6,1.0000000000\nSOF 1.0000000000,-0.5000000000\nSKP GEZ,1\nSOF 0.5000000000,0.0000000000\nWRAX RMP1_RATE,0.0000000000\nCHO RDA,3,REG | COMPC,2051\nCHO RDA,3,0,2052\nWRA 4100,0.0\nCHO RDA,3,COMPC | RPTR2,2051\nCHO RDA,3,RPTR2,2052\nCHO SOF,3,COMPC | NA,0.0\nCHO RDA,3,NA,4100\nWRAX REG7,0.0000000000\n;------ LPF 1P\nRDAX REG7,1.0000000000\nRDFX REG9,0.4623153623\nWRAX REG9,0.0000000000\n;------ LPF 1P\nRDAX REG5,1.0000000000\nRDFX REG11,0.4623153623\nWRAX REG11,0.0000000000\n;------ Pot 0\n;------ Pot 1\n;------ Pot 2\n;------ Mixer 3:1\nRDAX REG11,0.7079457844\nMULX POT2\nWRAX REG12,0.0000000000\nRDAX REG9,0.7079457844\nMULX POT1\nRDAX REG12,1.0000000000\nWRAX REG12,0.0000000000\nRDAX REG0,0.7079457844\nRDAX REG12,1.0000000000\nWRAX REG12,0.0000000000\n;------ Constant\nSOF 0.0000000000,0.8000000000\nWRAX REG13,0.0000000000\n;------ Chorus\nSKP RUN ,1\nWLDS 0,50,64\nRDAX REG13,0.0023904791\nWRAX SIN0_RANGE,0.0000000000\nRDAX POT0,0.4611350294\nWRAX SIN0_RATE,0.0000000000\nLDAX REG12\nWRA 4102,0.0\nCHO RDA,0,REG | COMPC,4355\nCHO RDA,0,0,4356\nWRAX REG14,0.0000000000\n;------ Mixer 2:1\nRDAX REG14,1.0000000000\nRDAX REG0,1.0000000000\nWRAX REG15,0.0000000000\n;------ Output\nRDAX REG15,1.0000000000\nWRAX DACL,1.0000000000\nWRAX DACR,0.0000000000\n",
      "name": "Octave Up-down Chorus (sep)"
    },
    {
      "asm": "; Third and Fifth with Chorus\n; Patch saved from SpinCAD Designer version 1039\n; Pot 0: Chorus speed\n; Pot 1: Third above level\n; Pot 2: Fifth above level\n; \n; \n; ----------------------------\n;------ Input\n;------ HPF 1P\nRDAX ADCL,1.0000000000\nRDFX REG1,0.0077809891\nWRAX REG1,-1.0000000000\nRDAX ADCL,1.0000000000\nWRAX REG0,0.0000000000\n;------ LPF 1P\nRDAX REG0,1.0000000000\nRDFX REG3,0.4623153623\nWRAX REG3,0.0000000000\n;------ Constant\nSOF 0.0000000000,0.7490000000\nWRAX REG4,0.0000000000\n;------ Constant\nSOF 0.0000000000,0.6300000000\nWRAX REG5,0.0000000000\n;------ Pitch Shift\nSKP RUN ,1\nWLDR 0, 8192, 2048\nLDAX REG3\nWRA 0,0.0\nRDAX REG5,1.0000000000\nSOF 1.0000000000,-0.5000000000\nSKP GEZ,1\nSOF 0.5000000000,0.0000000000\nWRAX RMP0_RATE,0.0000000000\nCHO RDA,2,REG | COMPC,0\nCHO RDA,2,0,1\nWRA 2049,0.0\nCHO RDA,2,COMPC | RPTR2,0\nCHO RDA,2,RPTR2,1\nCHO SOF,2,COMPC | NA,0.0\nCHO RDA,2,NA,2049\nWRAX REG6,0.0000000000\n;------ LPF 1P\nRDAX REG6,1.0000000000\nRDFX REG8,0.4623153623\nWRAX REG8,0.0000000000\n;------ Pitch Shift\nSKP RUN ,1\nWLDR 0, 8192, 2048\nLDAX REG3\nWRA 2051,0.0\nRDAX REG4,1.0000000000\nSOF 1.0000000000,-0.5000000000\nSKP GEZ,1\nSOF 0.5000000000,0.0000000000\nWRAX RMP0_RATE,0.0000000000\nCHO RDA,2,REG | COMPC,2051\nCHO RDA,2,0,2052\nWRA 4100,0.0\nCHO RDA,2,COMPC | RPTR2,2051\nCHO RDA,2,RPTR2,2052\nCHO SOF,2,COMPC | NA,0.0\nCHO RDA,2,NA,4100\nWRAX REG9,0.0000000000\n;------ LPF 1P\nRDAX REG9,1.0000000000\nRDFX REG11,0.4623153623\nWRAX REG11,0.0000000000\n;------ Pot 0\n;------ Pot 1\n;------ Pot 2\n;------ Constant\nSOF 0.0000000000,0.8000000000\nWRAX REG12,0.0000000000\n;------ Mixer 3:1\nRDAX REG8,0.5623413252\nMULX POT1\nWRAX REG13,0.0000000000\nRDAX REG11,0.5623413252\nMULX POT2\nRDAX REG13,1.0000000000\nWRAX REG13,0.0000000000\nRDAX REG0,0.5623413252\nRDAX REG13,1.0000000000\nWRAX REG13,0.0000000000\n;------ Chorus\nSKP RUN ,1\nWLDS 0,50,64\nRDAX REG12,0.0023436070\nWRAX SIN0_RANGE,0.0000000000\nRDAX POT0,0.4611350294\nWRAX SIN0_RATE,0.0000000000\nLDAX REG13\nWRA 4102,0.0\nCHO RDA,0,REG | COMPC,4355\nCHO RDA,0,0,4356\nWRAX REG14,0.0000000000\n;------ Mixer 2:1\nRDAX REG14,0.5011872336\nRDAX REG0,0.7079457844\nWRAX REG15,0.0000000000\n;------ Output\nRDAX REG15,1.0000000000\nWRAX DACL,1.0000000000\nWRAX DACR,0.0000000000\n",
      "name": "Third-fifth Chorus"
    },
    {
      "asm": "; Fourth and Fifth with Chorus\n; Patch saved from SpinCAD Designer version 1039\n; Pot 0: Chorus speed\n; Pot 1: Fourth above level\n; Pot 2: Fifth above level\n; \n; \n; ----------------------------\n;------ Input\n;------ HPF 1P\nRDAX ADCL,1.0000000000\nRDFX REG1,0.0077809891\nWRAX REG1,-1.0000000000\nRDAX ADCL,1.0000000000\nWRAX REG0,0.0000000000\n;------ LPF 1P\nRDAX REG0,1.0000000000\nRDFX REG3,0.4623153623\nWRAX REG3,0.0000000000\n;------ Constant\nSOF 0.0000000000,0.6670000000\nWRAX REG4,0.0000000000\n;------ Pitch Shift\nSKP RUN ,1\nWLDR 0, 8192, 2048\nLDAX REG3\nWRA 0,0.0\nRDAX REG4,1.0000000000\nSOF 1.0000000000,-0.5000000000\nSKP GEZ,1\nSOF 0.5000000000,0.0000000000\nWRAX RMP0_RATE,0.0000000000\nCHO RDA,2,REG | COMPC,0\nCHO RDA,2,0,1\nWRA 2049,0.0\nCHO RDA,2,COMPC | RPTR2,0\nCHO RDA,2,RPTR2,1\nCHO SOF,2,COMPC | NA,0.0\nCHO RDA,2,NA,2049\nWRAX REG5,0.0000000000\n;------ Constant\nSOF 0.0000000000,0.7490000000\nWRAX REG6,0.0000000000\n;------ Pitch Shift\nSKP RUN ,1\nWLDR 1, 8192, 2048\nLDAX REG3\nWRA 2051,0.0\nRDAX REG6,1.0000000000\nSOF 1.0000000000,-0.5000000000\nSKP GEZ,1\nSOF 0.5000000000,0.0000000000\nWRAX RMP1_RATE,0.0000000000\nCHO RDA,3,REG | COMPC,2051\nCHO RDA,3,0,2052\nWRA 4100,0.0\nCHO RDA,3,COMPC | RPTR2,2051\nCHO RDA,3,RPTR2,2052\nCHO SOF,3,COMPC | NA,0.0\nCHO RDA,3,NA,4100\nWRAX REG7,0.0000000000\n;------ LPF 1P\nRDAX REG7,1.0000000000\nRDFX REG9,0.4623153623\nWRAX REG9,0.0000000000\n;------ LPF 1P\nRDAX REG5,1.0000000000\nRDFX REG11,0.4623153623\nWRAX REG11,0.0000000000\n;------ Pot 0\n;------ Pot 1\n;------ Pot 2\n;------ Mixer 3:1\nRDAX REG11,0.7079457844\nMULX POT1\nWRAX REG12,0.0000000000\nRDAX REG9,0.7079457844\nMULX POT2\nRDAX REG12,1.0000000000\nWRAX REG12,0.0000000000\nRDAX REG0,0.7079457844\nRDAX REG12,1.0000000000\nWRAX REG12,0.0000000000\n;------ Constant\nSOF 0.0000000000,0.8000000000\nWRAX REG13,0.0000000000\n;------ Chorus\nSKP RUN ,1\nWLDS 0,50,64\nRDAX REG13,0.0023904791\nWRAX SIN0_RANGE,0.0000000000\nRDAX POT0,0.4611350294\nWRAX SIN0_RATE,0.0000000000\nLDAX REG12\nWRA 4102,0.0\nCHO RDA,0,REG | COMPC,4355\nCHO RDA,0,0,4356\nWRAX REG14,0.0000000000\n;------ Mixer 2:1\nRDAX REG14,1.0000000000\nRDAX REG0,1.0000000000\nWRAX REG15,0.0000000000\n;------ Output\nRDAX REG15,1.0000000000\nWRAX DACL,1.0000000000\nWRAX DACR,0.0000000000\n",
      "name": "Fourth-fifth Chorus"
    },
    {
      "asm": "; Octave up-down with Multi-voice Chorus\n; Patch saved from SpinCAD Designer version 1039\n; Pot 0: Chorus speed\n; Pot 1: Octave above level\n; Pot 2: Octave below level \n; \n; \n; ----------------------------\n;------ Input\n;------ HPF 1P\nRDAX ADCL,1.0000000000\nRDFX REG1,0.0077809891\nWRAX REG1,-1.0000000000\nRDAX ADCL,1.0000000000\nWRAX REG0,0.0000000000\n;------ LPF 1P\nRDAX REG0,1.0000000000\nRDFX REG3,0.4623153623\nWRAX REG3,0.0000000000\n;------ Constant\nSOF 0.0000000000,0.0000000000\nWRAX REG4,0.0000000000\n;------ Pitch Shift\nSKP RUN ,1\nWLDR 0, 8192, 2048\nLDAX REG3\nWRA 0,0.0\nRDAX REG4,1.0000000000\nSOF 1.0000000000,-0.5000000000\nSKP GEZ,1\nSOF 0.5000000000,0.0000000000\nWRAX RMP0_RATE,0.0000000000\nCHO RDA,2,REG | COMPC,0\nCHO RDA,2,0,1\nWRA 2049,0.0\nCHO RDA,2,COMPC | RPTR2,0\nCHO RDA,2,RPTR2,1\nCHO SOF,2,COMPC | NA,0.0\nCHO RDA,2,NA,2049\nWRAX REG5,0.0000000000\n;------ Constant\nSOF 0.0000000000,0.9990000000\nWRAX REG6,0.0000000000\n;------ Pitch Shift\nSKP RUN ,1\nWLDR 1, 8192, 2048\nLDAX REG3\nWRA 2051,0.0\nRDAX REG6,1.0000000000\nSOF 1.0000000000,-0.5000000000\nSKP GEZ,1\nSOF 0.5000000000,0.0000000000\nWRAX RMP1_RATE,0.0000000000\nCHO RDA,3,REG | COMPC,2051\nCHO RDA,3,0,2052\nWRA 4100,0.0\nCHO RDA,3,COMPC | RPTR2,2051\nCHO RDA,3,RPTR2,2052\nCHO SOF,3,COMPC | NA,0.0\nCHO RDA,3,NA,4100\nWRAX REG7,0.0000000000\n;------ LPF 1P\nRDAX REG7,1.0000000000\nRDFX REG9,0.4623153623\nWRAX REG9,0.0000000000\n;------ LPF 1P\nRDAX REG5,1.0000000000\nRDFX REG11,0.4623153623\nWRAX REG11,0.0000000000\n;------ Pot 0\n;------ Pot 1\n;------ Pot 2\n;------ Mixer 3:1\nRDAX REG11,0.7079457844\nMULX POT2\nWRAX REG12,0.0000000000\nRDAX REG9,0.7079457844\nMULX POT1\nRDAX REG12,1.0000000000\nWRAX REG12,0.0000000000\nRDAX REG0,0.7079457844\nRDAX REG12,1.0000000000\nWRAX REG12,0.0000000000\n;------ Constant\nSOF 0.0000000000,0.8000000000\nWRAX REG13,0.0000000000\n;------ 4-voice Chorus\nSKP RUN ,1\nWLDS 0,50,64\nRDAX REG13,0.0039062500\nWRAX SIN0_RANGE,0.0000000000\nRDAX POT0,0.3940900196\nWRAX SIN0_RATE,0.0000000000\nRDAX REG12,1.0000000000\nWRA 4102,0.0\nCHO RDA,0,REG | COMPC,4239\nCHO RDA,0,0,4240\nWRAX REG14,0.0000000000\nCHO RDA,0,REG | COMPA,4276\nCHO RDA,0,COMPC | COMPA,4277\nWRAX REG15,0.0000000000\nCHO RDA,0,COS  | REG | COMPC,4414\nCHO RDA,0,COS ,4415\nWRAX REG16,0.0000000000\nCHO RDA,0,COS  | REG | COMPA,4470\nCHO RDA,0,COS  | COMPC | COMPA,4471\nWRAX REG17,0.0000000000\n;------ Mixer 4:1\nRDAX REG14,0.7079457844\nWRAX REG18,0.0000000000\nRDAX REG15,0.6309573445\nRDAX REG18,1.0000000000\nWRAX REG18,0.0000000000\nRDAX REG16,0.5623413252\nRDAX REG18,1.0000000000\nWRAX REG18,0.0000000000\nRDAX REG17,0.5011872336\nRDAX REG18,1.0000000000\nWRAX REG18,0.0000000000\n;------ Mixer 2:1\nRDAX REG18,1.0000000000\nRDAX REG0,1.0000000000\nWRAX REG19,0.0000000000\n;------ Output\nRDAX REG19,1.0000000000\nWRAX DACL,1.0000000000\nWRAX DACR,0.0000000000\n",
      "name": "Octave Up-down MV Chorus"
    },
    {
      "asm": "; Octave up-down with Flanger\n; Patch saved from SpinCAD Designer version 1039\n; Pot 0: Chorus speed\n; Pot 1: Octave above level\n; Pot 2: Octave below level  \n; \n; \n; ----------------------------\n;------ Input\n;------ HPF 1P\nRDAX ADCL,1.0000000000\nRDFX REG1,0.0077809891\nWRAX REG1,-1.0000000000\nRDAX ADCL,1.0000000000\nWRAX REG0,0.0000000000\n;------ LPF 1P\nRDAX REG0,1.0000000000\nRDFX REG3,0.4623153623\nWRAX REG3,0.0000000000\n;------ Constant\nSOF 0.0000000000,0.0000000000\nWRAX REG4,0.0000000000\n;------ Pitch Shift\nSKP RUN ,1\nWLDR 0, 8192, 2048\nLDAX REG3\nWRA 0,0.0\nRDAX REG4,1.0000000000\nSOF 1.0000000000,-0.5000000000\nSKP GEZ,1\nSOF 0.5000000000,0.0000000000\nWRAX RMP0_RATE,0.0000000000\nCHO RDA,2,REG | COMPC,0\nCHO RDA,2,0,1\nWRA 2049,0.0\nCHO RDA,2,COMPC | RPTR2,0\nCHO RDA,2,RPTR2,1\nCHO SOF,2,COMPC | NA,0.0\nCHO RDA,2,NA,2049\nWRAX REG5,0.0000000000\n;------ Constant\nSOF 0.0000000000,0.9990000000\nWRAX REG6,0.0000000000\n;------ Pitch Shift\nSKP RUN ,1\nWLDR 1, 8192, 2048\nLDAX REG3\nWRA 2051,0.0\nRDAX REG6,1.0000000000\nSOF 1.0000000000,-0.5000000000\nSKP GEZ,1\nSOF 0.5000000000,0.0000000000\nWRAX RMP1_RATE,0.0000000000\nCHO RDA,3,REG | COMPC,2051\nCHO RDA,3,0,2052\nWRA 4100,0.0\nCHO RDA,3,COMPC | RPTR2,2051\nCHO RDA,3,RPTR2,2052\nCHO SOF,3,COMPC | NA,0.0\nCHO RDA,3,NA,4100\nWRAX REG7,0.0000000000\n;------ LPF 1P\nRDAX REG7,1.0000000000\nRDFX REG9,0.4623153623\nWRAX REG9,0.0000000000\n;------ LPF 1P\nRDAX REG5,1.0000000000\nRDFX REG11,0.4623153623\nWRAX REG11,0.0000000000\n;------ Pot 0\n;------ Pot 1\n;------ Pot 2\n;------ Mixer 3:1\nRDAX REG11,0.7079457844\nMULX POT2\nWRAX REG12,0.0000000000\nRDAX REG9,0.7079457844\nMULX POT1\nRDAX REG12,1.0000000000\nWRAX REG12,0.0000000000\nRDAX REG0,0.7079457844\nRDAX REG12,1.0000000000\nWRAX REG12,0.0000000000\n;------ Constant\nSOF 0.0000000000,0.8000000000\nWRAX REG13,0.0000000000\n;------ Constant\nSOF 0.0000000000,0.9990000000\nWRAX REG14,0.0000000000\n;------ Feedback Output\n;------ Flanger\nSKP RUN ,1\nWLDS 0,200,24\nRDAX REG13,0.0007515227\nWRAX SIN0_RANGE,0.0000000000\nRDAX POT0,0.3915068493\nWRAX SIN0_RATE,0.0000000000\nRDAX REG15,0.6309573445\nMULX REG14\nRDAX REG12,1.0000000000\nWRA 4102,0.0\nCHO RDA,0,REG | COMPC,4148\nCHO RDA,0,0,4149\nWRAX REG16,0.0000000000\n;------ Mixer 2:1\nRDAX REG16,0.7079457844\nRDAX REG0,0.7079457844\nWRAX REG17,0.0000000000\n;------ FB In 1\nRDAX REG17,1.0000000000\nWRAX REG15,0.0000000000\n;------ Output\nRDAX REG17,1.0000000000\nWRAX DACL,1.0000000000\nWRAX DACR,0.0000000000\n",
      "name": "Octave Up-down Flanger"
    }
  ]
}